source_path,still_resolves,full_chain,final_url,final_status,expected_targets,result
/episodes/oceangate-titan-disaster-a-billionaires-dive-into-hubris-history-and-horror,false,404 https://www.thecompendiumpodcast.com/episodes/oceangate-titan-disaster-a-billionaires-dive-into-hubris-history-and-horror,https://www.thecompendiumpodcast.com/episodes/oceangate-titan-disaster-a-billionaires-dive-into-hubris-history-and-horror,404,/episodes/oceangate-titan-disaster-a-billionaire-s-dive-into-hubris-history-and-horror,broken
/podcast/the-compendium-of-fascinating-things/episode/aileen-wuornos-queen-of-the-serial-killers,true,301 https://www.thecompendiumpodcast.com/podcast/the-compendium-of-fascinating-things/episode/aileen-wuornos-queen-of-the-serial-killers | 200 https://www.thecompendiumpodcast.com/episodes/aileen-wuornos-queen-of-the-serial-killers,https://www.thecompendiumpodcast.com/episodes/aileen-wuornos-queen-of-the-serial-killers,200,/episodes/aileen-wuornos-queen-of-the-serial-killers,correct
/podcast/the-compendium-of-fascinating-things/episode/amanda-knox-and-the-murder-of-meredith-kercher-part-i,true,301 https://www.thecompendiumpodcast.com/podcast/the-compendium-of-fascinating-things/episode/amanda-knox-and-the-murder-of-meredith-kercher-part-i | 200 https://www.thecompendiumpodcast.com/episodes/amanda-knox-and-the-murder-of-meredith-kercher-part-i,https://www.thecompendiumpodcast.com/episodes/amanda-knox-and-the-murder-of-meredith-kercher-part-i,200,/episodes/amanda-knox-and-the-murder-of-meredith-kercher-part-i,correct
/podcast/the-compendium-of-fascinating-things/episode/amanda-knox-and-the-murder-of-meredith-kercher-part-ii,true,301 https://www.thecompendiumpodcast.com/podcast/the-compendium-of-fascinating-things/episode/amanda-knox-and-the-murder-of-meredith-kercher-part-ii | 200 https://www.thecompendiumpodcast.com/episodes/amanda-knox-and-the-murder-of-meredith-kercher-part-ii,https://www.thecompendiumpodcast.com/episodes/amanda-knox-and-the-murder-of-meredith-kercher-part-ii,200,/episodes/amanda-knox-and-the-murder-of-meredith-kercher-part-ii,correct
/podcast/the-compendium-of-fascinating-things/episode/amelia-earhart-flying-into-the-unknown,true,301 https://www.thecompendiumpodcast.com/podcast/the-compendium-of-fascinating-things/episode/amelia-earhart-flying-into-the-unknown | 200 https://www.thecompendiumpodcast.com/episodes/amelia-earhart-flying-into-the-unknown,https://www.thecompendiumpodcast.com/episodes/amelia-earhart-flying-into-the-unknown,200,/episodes/amelia-earhart-flying-into-the-unknown,correct
/podcast/the-compendium-of-fascinating-things/episode/anna-delvey-from-rags-to-riches-to-rikers-new-yorks-fake-heiress,true,301 https://www.thecompendiumpodcast.com/podcast/the-compendium-of-fascinating-things/episode/anna-delvey-from-rags-to-riches-to-rikers-new-yorks-fake-heiress | 200 https://www.thecompendiumpodcast.com/episodes/anna-delvey-from-rags-to-riches-to-rikers-new-yorks-fake-heiress,https://www.thecompendiumpodcast.com/episodes/anna-delvey-from-rags-to-riches-to-rikers-new-yorks-fake-heiress,200,/episodes/anna-delvey-from-rags-to-riches-to-rikers-new-yorks-fake-heiress,correct
/podcast/the-compendium-of-fascinating-things/episode/anni-dewani-honeymoon-murder-and-the-corruption-at-the-heart-of-south-africa,true,301 https://www.thecompendiumpodcast.com/podcast/the-compendium-of-fascinating-things/episode/anni-dewani-honeymoon-murder-and-the-corruption-at-the-heart-of-south-africa | 200 https://www.thecompendiumpodcast.com/episodes/anni-dewani-honeymoon-murder-and-the-corruption-at-the-heart-of-south-africa,https://www.thecompendiumpodcast.com/episodes/anni-dewani-honeymoon-murder-and-the-corruption-at-the-heart-of-south-africa,200,/episodes/anni-dewani-honeymoon-murder-and-the-corruption-at-the-heart-of-south-africa,correct
/podcast/the-compendium-of-fascinating-things/episode/ariel-castro-abducted-in-plain-sight,true,301 https://www.thecompendiumpodcast.com/podcast/the-compendium-of-fascinating-things/episode/ariel-castro-abducted-in-plain-sight | 200 https://www.thecompendiumpodcast.com/episodes/ariel-castro-abducted-in-plain-sight,https://www.thecompendiumpodcast.com/episodes/ariel-castro-abducted-in-plain-sight,200,/episodes/ariel-castro-abducted-in-plain-sight,correct
/podcast/the-compendium-of-fascinating-things/episode/baby-jessica-the-girl-who-fell-down-a-well-and-changed-news-forever,true,301 https://www.thecompendiumpodcast.com/podcast/the-compendium-of-fascinating-things/episode/baby-jessica-the-girl-who-fell-down-a-well-and-changed-news-forever | 200 https://www.thecompendiumpodcast.com/episodes/baby-jessica-the-girl-who-fell-down-a-well-and-changed-news-forever,https://www.thecompendiumpodcast.com/episodes/baby-jessica-the-girl-who-fell-down-a-well-and-changed-news-forever,200,/episodes/baby-jessica-the-girl-who-fell-down-a-well-and-changed-news-forever,correct
/podcast/the-compendium-of-fascinating-things/episode/balloon-boy-hoax-the-viral-media-circus-that-spiraled-out-of-control,true,301 https://www.thecompendiumpodcast.com/podcast/the-compendium-of-fascinating-things/episode/balloon-boy-hoax-the-viral-media-circus-that-spiraled-out-of-control | 200 https://www.thecompendiumpodcast.com/episodes/balloon-boy-hoax-the-viral-media-circus-that-spiraled-out-of-control,https://www.thecompendiumpodcast.com/episodes/balloon-boy-hoax-the-viral-media-circus-that-spiraled-out-of-control,200,/episodes/balloon-boy-hoax-the-viral-media-circus-that-spiraled-out-of-control,correct
/podcast/the-compendium-of-fascinating-things/episode/balloonfest-clevelands-1986-float-tastrophe-of-epic-proportions,true,301 https://www.thecompendiumpodcast.com/podcast/the-compendium-of-fascinating-things/episode/balloonfest-clevelands-1986-float-tastrophe-of-epic-proportions | 200 https://www.thecompendiumpodcast.com/episodes/balloonfest-clevelands-1986-float-tastrophe-of-epic-proportions,https://www.thecompendiumpodcast.com/episodes/balloonfest-clevelands-1986-float-tastrophe-of-epic-proportions,200,/episodes/balloonfest-clevelands-1986-float-tastrophe-of-epic-proportions,correct
/podcast/the-compendium-of-fascinating-things/episode/billion-dollar-banquet-how-one-extravagant-party-sparked-the-iranian-revolution,true,301 https://www.thecompendiumpodcast.com/podcast/the-compendium-of-fascinating-things/episode/billion-dollar-banquet-how-one-extravagant-party-sparked-the-iranian-revolution | 200 https://www.thecompendiumpodcast.com/episodes/billion-dollar-banquet-how-one-extravagant-party-sparked-the-iranian-revolution,https://www.thecompendiumpodcast.com/episodes/billion-dollar-banquet-how-one-extravagant-party-sparked-the-iranian-revolution,200,/episodes/billion-dollar-banquet-how-one-extravagant-party-sparked-the-iranian-revolution,correct
/podcast/the-compendium-of-fascinating-things/episode/billionaire-boys-club-greed-murder-and-high-society-crimes,true,301 https://www.thecompendiumpodcast.com/podcast/the-compendium-of-fascinating-things/episode/billionaire-boys-club-greed-murder-and-high-society-crimes | 200 https://www.thecompendiumpodcast.com/episodes/billionaire-boys-club-greed-murder-and-high-society-crimes,https://www.thecompendiumpodcast.com/episodes/billionaire-boys-club-greed-murder-and-high-society-crimes,200,/episodes/billionaire-boys-club-greed-murder-and-high-society-crimes,correct
/podcast/the-compendium-of-fascinating-things/episode/bobby-dunbar-the-missing-child-case-solved-by-a-century-late-dna-test,true,301 https://www.thecompendiumpodcast.com/podcast/the-compendium-of-fascinating-things/episode/bobby-dunbar-the-missing-child-case-solved-by-a-century-late-dna-test | 200 https://www.thecompendiumpodcast.com/episodes/bobby-dunbar-the-missing-child-case-solved-by-a-century-late-dna-test,https://www.thecompendiumpodcast.com/episodes/bobby-dunbar-the-missing-child-case-solved-by-a-century-late-dna-test,200,/episodes/bobby-dunbar-the-missing-child-case-solved-by-a-century-late-dna-test,correct
/podcast/the-compendium-of-fascinating-things/episode/body-in-room-348-how-a-locked-room-led-to-an-impossible-answer,true,301 https://www.thecompendiumpodcast.com/podcast/the-compendium-of-fascinating-things/episode/body-in-room-348-how-a-locked-room-led-to-an-impossible-answer | 200 https://www.thecompendiumpodcast.com/episodes/body-in-room-348-how-a-locked-room-led-to-an-impossible-answer,https://www.thecompendiumpodcast.com/episodes/body-in-room-348-how-a-locked-room-led-to-an-impossible-answer,200,/episodes/body-in-room-348-how-a-locked-room-led-to-an-impossible-answer,correct
/podcast/the-compendium-of-fascinating-things/episode/bone-wars-the-rivalry-that-rewrote-dinosaur-history,true,301 https://www.thecompendiumpodcast.com/podcast/the-compendium-of-fascinating-things/episode/bone-wars-the-rivalry-that-rewrote-dinosaur-history | 200 https://www.thecompendiumpodcast.com/episodes/bone-wars-the-rivalry-that-rewrote-dinosaur-history,https://www.thecompendiumpodcast.com/episodes/bone-wars-the-rivalry-that-rewrote-dinosaur-history,200,/episodes/bone-wars-the-rivalry-that-rewrote-dinosaur-history,correct
/podcast/the-compendium-of-fascinating-things/episode/chowchilla-bus-kidnapping-the-day-a-school-bus-vanished,true,301 https://www.thecompendiumpodcast.com/podcast/the-compendium-of-fascinating-things/episode/chowchilla-bus-kidnapping-the-day-a-school-bus-vanished | 200 https://www.thecompendiumpodcast.com/episodes/chowchilla-bus-kidnapping-the-day-a-school-bus-vanished,https://www.thecompendiumpodcast.com/episodes/chowchilla-bus-kidnapping-the-day-a-school-bus-vanished,200,/episodes/chowchilla-bus-kidnapping-the-day-a-school-bus-vanished,correct
/podcast/the-compendium-of-fascinating-things/episode/chris-watts-inside-the-mind-of-a-family-annihilator-and-the-depth-of-betrayal,true,301 https://www.thecompendiumpodcast.com/podcast/the-compendium-of-fascinating-things/episode/chris-watts-inside-the-mind-of-a-family-annihilator-and-the-depth-of-betrayal | 200 https://www.thecompendiumpodcast.com/episodes/chris-watts-inside-the-mind-of-a-family-annihilator-and-the-depth-of-betrayal,https://www.thecompendiumpodcast.com/episodes/chris-watts-inside-the-mind-of-a-family-annihilator-and-the-depth-of-betrayal,200,/episodes/chris-watts-inside-the-mind-of-a-family-annihilator-and-the-depth-of-betrayal,correct
/podcast/the-compendium-of-fascinating-things/episode/cocaine-queen-the-rise-and-fall-of-griselda-blanco,true,301 https://www.thecompendiumpodcast.com/podcast/the-compendium-of-fascinating-things/episode/cocaine-queen-the-rise-and-fall-of-griselda-blanco | 200 https://www.thecompendiumpodcast.com/episodes/cocaine-queen-the-rise-and-fall-of-griselda-blanco,https://www.thecompendiumpodcast.com/episodes/cocaine-queen-the-rise-and-fall-of-griselda-blanco,200,/episodes/cocaine-queen-the-rise-and-fall-of-griselda-blanco,correct
/podcast/the-compendium-of-fascinating-things/episode/db-cooper-the-man-the-myth-the-unresolved-hijacking,true,301 https://www.thecompendiumpodcast.com/podcast/the-compendium-of-fascinating-things/episode/db-cooper-the-man-the-myth-the-unresolved-hijacking | 200 https://www.thecompendiumpodcast.com/episodes/db-cooper-the-man-the-myth-the-unresolved-hijacking,https://www.thecompendiumpodcast.com/episodes/db-cooper-the-man-the-myth-the-unresolved-hijacking,200,/episodes/db-cooper-the-man-the-myth-the-unresolved-hijacking,correct
/podcast/the-compendium-of-fascinating-things/episode/dirty-pops-lou-pearlman-boy-bands-and-big-scams,true,301 https://www.thecompendiumpodcast.com/podcast/the-compendium-of-fascinating-things/episode/dirty-pops-lou-pearlman-boy-bands-and-big-scams | 301 https://www.thecompendiumpodcast.com/episodes/dirty-pops-lou-pearlman-boy-bands-and-big-scams | 200 https://www.thecompendiumpodcast.com/episodes/lou-pearlman-boy-bands-big-lies-and-bigger-scams,https://www.thecompendiumpodcast.com/episodes/lou-pearlman-boy-bands-big-lies-and-bigger-scams,200,/episodes/lou-pearlman-boy-bands-big-lies-and-bigger-scams,correct
/podcast/the-compendium-of-fascinating-things/episode/dolly-parton-the-legend-behind-the-rhinestones,true,301 https://www.thecompendiumpodcast.com/podcast/the-compendium-of-fascinating-things/episode/dolly-parton-the-legend-behind-the-rhinestones | 200 https://www.thecompendiumpodcast.com/episodes/dolly-parton-the-legend-behind-the-rhinestones,https://www.thecompendiumpodcast.com/episodes/dolly-parton-the-legend-behind-the-rhinestones,200,/episodes/dolly-parton-the-legend-behind-the-rhinestones,correct
/podcast/the-compendium-of-fascinating-things/episode/dr-donald-cline-conceived-in-deceit-the-infamous-fertility-scandal,true,301 https://www.thecompendiumpodcast.com/podcast/the-compendium-of-fascinating-things/episode/dr-donald-cline-conceived-in-deceit-the-infamous-fertility-scandal | 200 https://www.thecompendiumpodcast.com/episodes/dr-donald-cline-conceived-in-deceit-the-infamous-fertility-scandal,https://www.thecompendiumpodcast.com/episodes/dr-donald-cline-conceived-in-deceit-the-infamous-fertility-scandal,200,/episodes/dr-donald-cline-conceived-in-deceit-the-infamous-fertility-scandal,correct
/podcast/the-compendium-of-fascinating-things/episode/elizabeth-smart-kidnapped-by-a-prophet,true,301 https://www.thecompendiumpodcast.com/podcast/the-compendium-of-fascinating-things/episode/elizabeth-smart-kidnapped-by-a-prophet | 200 https://www.thecompendiumpodcast.com/episodes/elizabeth-smart-kidnapped-by-a-prophet,https://www.thecompendiumpodcast.com/episodes/elizabeth-smart-kidnapped-by-a-prophet,200,/episodes/elizabeth-smart-kidnapped-by-a-prophet,correct
/podcast/the-compendium-of-fascinating-things/episode/exploring-bigfoot-a-myth-or-reality,true,301 https://www.thecompendiumpodcast.com/podcast/the-compendium-of-fascinating-things/episode/exploring-bigfoot-a-myth-or-reality | 200 https://www.thecompendiumpodcast.com/episodes/exploring-bigfoot-a-myth-or-reality,https://www.thecompendiumpodcast.com/episodes/exploring-bigfoot-a-myth-or-reality,200,/episodes/exploring-bigfoot-a-myth-or-reality,correct
/podcast/the-compendium-of-fascinating-things/episode/frida-kahlo-pain-politics-and-the-self-portraits-that-made-an-icon,true,301 https://www.thecompendiumpodcast.com/podcast/the-compendium-of-fascinating-things/episode/frida-kahlo-pain-politics-and-the-self-portraits-that-made-an-icon | 200 https://www.thecompendiumpodcast.com/episodes/frida-kahlo-pain-politics-and-the-self-portraits-that-made-an-icon,https://www.thecompendiumpodcast.com/episodes/frida-kahlo-pain-politics-and-the-self-portraits-that-made-an-icon,200,/episodes/frida-kahlo-pain-politics-and-the-self-portraits-that-made-an-icon,correct
/podcast/the-compendium-of-fascinating-things/episode/fyre-festival-the-greatest-party-that-never-happened,true,301 https://www.thecompendiumpodcast.com/podcast/the-compendium-of-fascinating-things/episode/fyre-festival-the-greatest-party-that-never-happened | 200 https://www.thecompendiumpodcast.com/episodes/fyre-festival-the-greatest-party-that-never-happened,https://www.thecompendiumpodcast.com/episodes/fyre-festival-the-greatest-party-that-never-happened,200,/episodes/fyre-festival-the-greatest-party-that-never-happened,correct
/podcast/the-compendium-of-fascinating-things/episode/guy-fawkes-treason-torture-and-the-birth-of-bonfire-night,true,301 https://www.thecompendiumpodcast.com/podcast/the-compendium-of-fascinating-things/episode/guy-fawkes-treason-torture-and-the-birth-of-bonfire-night | 200 https://www.thecompendiumpodcast.com/episodes/guy-fawkes-treason-torture-and-the-birth-of-bonfire-night,https://www.thecompendiumpodcast.com/episodes/guy-fawkes-treason-torture-and-the-birth-of-bonfire-night,200,/episodes/guy-fawkes-treason-torture-and-the-birth-of-bonfire-night,correct
/podcast/the-compendium-of-fascinating-things/episode/gypsy-rose-blanchard-the-chilling-reality-behind-the-illusion,true,301 https://www.thecompendiumpodcast.com/podcast/the-compendium-of-fascinating-things/episode/gypsy-rose-blanchard-the-chilling-reality-behind-the-illusion | 200 https://www.thecompendiumpodcast.com/episodes/gypsy-rose-blanchard-the-chilling-reality-behind-the-illusion,https://www.thecompendiumpodcast.com/episodes/gypsy-rose-blanchard-the-chilling-reality-behind-the-illusion,200,/episodes/gypsy-rose-blanchard-the-chilling-reality-behind-the-illusion,correct
/podcast/the-compendium-of-fascinating-things/episode/hillside-strangler-murder-in-the-shadows-of-los-angeles,true,301 https://www.thecompendiumpodcast.com/podcast/the-compendium-of-fascinating-things/episode/hillside-strangler-murder-in-the-shadows-of-los-angeles | 200 https://www.thecompendiumpodcast.com/episodes/hillside-strangler-murder-in-the-shadows-of-los-angeles,https://www.thecompendiumpodcast.com/episodes/hillside-strangler-murder-in-the-shadows-of-los-angeles,200,/episodes/hillside-strangler-murder-in-the-shadows-of-los-angeles,correct
/podcast/the-compendium-of-fascinating-things/episode/hiroo-onoda-the-last-japanese-soldier-who-kept-on-fighting-after-ww2-had-finished,true,301 https://www.thecompendiumpodcast.com/podcast/the-compendium-of-fascinating-things/episode/hiroo-onoda-the-last-japanese-soldier-who-kept-on-fighting-after-ww2-had-finished | 200 https://www.thecompendiumpodcast.com/episodes/hiroo-onoda-the-last-japanese-soldier-who-kept-on-fighting-after-ww2-had-finished,https://www.thecompendiumpodcast.com/episodes/hiroo-onoda-the-last-japanese-soldier-who-kept-on-fighting-after-ww2-had-finished,200,/episodes/hiroo-onoda-the-last-japanese-soldier-who-kept-on-fighting-after-ww2-had-finished,correct
/podcast/the-compendium-of-fascinating-things/episode/house-of-gucci-a-tale-of-glamour-greed-and-grudges,true,301 https://www.thecompendiumpodcast.com/podcast/the-compendium-of-fascinating-things/episode/house-of-gucci-a-tale-of-glamour-greed-and-grudges | 200 https://www.thecompendiumpodcast.com/episodes/house-of-gucci-a-tale-of-glamour-greed-and-grudges,https://www.thecompendiumpodcast.com/episodes/house-of-gucci-a-tale-of-glamour-greed-and-grudges,200,/episodes/house-of-gucci-a-tale-of-glamour-greed-and-grudges,correct
/podcast/the-compendium-of-fascinating-things/episode/inside-scientology-david-miscavige-and-the-vanishing-of-shelly-miscavige,true,301 https://www.thecompendiumpodcast.com/podcast/the-compendium-of-fascinating-things/episode/inside-scientology-david-miscavige-and-the-vanishing-of-shelly-miscavige | 200 https://www.thecompendiumpodcast.com/episodes/inside-scientology-david-miscavige-and-the-vanishing-of-shelly-miscavige,https://www.thecompendiumpodcast.com/episodes/inside-scientology-david-miscavige-and-the-vanishing-of-shelly-miscavige,200,/episodes/inside-scientology-david-miscavige-and-the-vanishing-of-shelly-miscavige,correct
/podcast/the-compendium-of-fascinating-things/episode/jennifer-fairgate-the-woman-with-no-past,true,301 https://www.thecompendiumpodcast.com/podcast/the-compendium-of-fascinating-things/episode/jennifer-fairgate-the-woman-with-no-past | 200 https://www.thecompendiumpodcast.com/episodes/jennifer-fairgate-the-woman-with-no-past,https://www.thecompendiumpodcast.com/episodes/jennifer-fairgate-the-woman-with-no-past,200,/episodes/jennifer-fairgate-the-woman-with-no-past,correct
/podcast/the-compendium-of-fascinating-things/episode/jt-leroy-gender-deception-and-the-ultimate-hoax,true,301 https://www.thecompendiumpodcast.com/podcast/the-compendium-of-fascinating-things/episode/jt-leroy-gender-deception-and-the-ultimate-hoax | 200 https://www.thecompendiumpodcast.com/episodes/jt-leroy-gender-deception-and-the-ultimate-hoax,https://www.thecompendiumpodcast.com/episodes/jt-leroy-gender-deception-and-the-ultimate-hoax,200,/episodes/jt-leroy-gender-deception-and-the-ultimate-hoax,correct
/podcast/the-compendium-of-fascinating-things/episode/knoedler-gallery-scandal-the-greatest-art-fraud-of-the-century,true,301 https://www.thecompendiumpodcast.com/podcast/the-compendium-of-fascinating-things/episode/knoedler-gallery-scandal-the-greatest-art-fraud-of-the-century | 200 https://www.thecompendiumpodcast.com/episodes/knoedler-gallery-scandal-the-greatest-art-fraud-of-the-century,https://www.thecompendiumpodcast.com/episodes/knoedler-gallery-scandal-the-greatest-art-fraud-of-the-century,200,/episodes/knoedler-gallery-scandal-the-greatest-art-fraud-of-the-century,correct
/podcast/the-compendium-of-fascinating-things/episode/kony-2012-how-social-media-tried-to-stop-a-war,true,301 https://www.thecompendiumpodcast.com/podcast/the-compendium-of-fascinating-things/episode/kony-2012-how-social-media-tried-to-stop-a-war | 200 https://www.thecompendiumpodcast.com/episodes/kony-2012-how-social-media-tried-to-stop-a-war,https://www.thecompendiumpodcast.com/episodes/kony-2012-how-social-media-tried-to-stop-a-war,200,/episodes/kony-2012-how-social-media-tried-to-stop-a-war,correct
/podcast/the-compendium-of-fascinating-things/episode/lars-mittank-from-airport-cctv-to-an-unsolved-mystery,true,301 https://www.thecompendiumpodcast.com/podcast/the-compendium-of-fascinating-things/episode/lars-mittank-from-airport-cctv-to-an-unsolved-mystery | 200 https://www.thecompendiumpodcast.com/episodes/lars-mittank-from-airport-cctv-to-an-unsolved-mystery,https://www.thecompendiumpodcast.com/episodes/lars-mittank-from-airport-cctv-to-an-unsolved-mystery,200,/episodes/lars-mittank-from-airport-cctv-to-an-unsolved-mystery,correct
/podcast/the-compendium-of-fascinating-things/episode/lover-stalker-killer-disturbing-love-triangle-turned-deadly,true,301 https://www.thecompendiumpodcast.com/podcast/the-compendium-of-fascinating-things/episode/lover-stalker-killer-disturbing-love-triangle-turned-deadly | 200 https://www.thecompendiumpodcast.com/episodes/lover-stalker-killer-disturbing-love-triangle-turned-deadly,https://www.thecompendiumpodcast.com/episodes/lover-stalker-killer-disturbing-love-triangle-turned-deadly,200,/episodes/lover-stalker-killer-disturbing-love-triangle-turned-deadly,correct
/podcast/the-compendium-of-fascinating-things/episode/lucy-letby-did-she-really-kill-these-babies,true,301 https://www.thecompendiumpodcast.com/podcast/the-compendium-of-fascinating-things/episode/lucy-letby-did-she-really-kill-these-babies | 200 https://www.thecompendiumpodcast.com/episodes/lucy-letby-did-she-really-kill-these-babies,https://www.thecompendiumpodcast.com/episodes/lucy-letby-did-she-really-kill-these-babies,200,/episodes/lucy-letby-did-she-really-kill-these-babies,correct
/podcast/the-compendium-of-fascinating-things/episode/michael-alig-glitz-glamour-and-killing-for-fame,true,301 https://www.thecompendiumpodcast.com/podcast/the-compendium-of-fascinating-things/episode/michael-alig-glitz-glamour-and-killing-for-fame | 200 https://www.thecompendiumpodcast.com/episodes/michael-alig-glitz-glamour-and-killing-for-fame,https://www.thecompendiumpodcast.com/episodes/michael-alig-glitz-glamour-and-killing-for-fame,200,/episodes/michael-alig-glitz-glamour-and-killing-for-fame,correct
/podcast/the-compendium-of-fascinating-things/episode/millennium-dome-diamond-heist-the-plot-to-steal-the-worlds-most-flawless-diamond,true,301 https://www.thecompendiumpodcast.com/podcast/the-compendium-of-fascinating-things/episode/millennium-dome-diamond-heist-the-plot-to-steal-the-worlds-most-flawless-diamond | 200 https://www.thecompendiumpodcast.com/episodes/millennium-dome-diamond-heist-the-plot-to-steal-the-worlds-most-flawless-diamond,https://www.thecompendiumpodcast.com/episodes/millennium-dome-diamond-heist-the-plot-to-steal-the-worlds-most-flawless-diamond,200,/episodes/millennium-dome-diamond-heist-the-plot-to-steal-the-worlds-most-flawless-diamond,correct
/podcast/the-compendium-of-fascinating-things/episode/milli-vanilli-the-real-story-behind-greatest-lip-sync-scandal-in-music-history,true,301 https://www.thecompendiumpodcast.com/podcast/the-compendium-of-fascinating-things/episode/milli-vanilli-the-real-story-behind-greatest-lip-sync-scandal-in-music-history | 200 https://www.thecompendiumpodcast.com/episodes/milli-vanilli-the-real-story-behind-greatest-lip-sync-scandal-in-music-history,https://www.thecompendiumpodcast.com/episodes/milli-vanilli-the-real-story-behind-greatest-lip-sync-scandal-in-music-history,200,/episodes/milli-vanilli-the-real-story-behind-greatest-lip-sync-scandal-in-music-history,correct
/podcast/the-compendium-of-fascinating-things/episode/monster-of-florence-the-real-life-horror-behind-an-italian-legend,true,301 https://www.thecompendiumpodcast.com/podcast/the-compendium-of-fascinating-things/episode/monster-of-florence-the-real-life-horror-behind-an-italian-legend | 200 https://www.thecompendiumpodcast.com/episodes/monster-of-florence-the-real-life-horror-behind-an-italian-legend,https://www.thecompendiumpodcast.com/episodes/monster-of-florence-the-real-life-horror-behind-an-italian-legend,200,/episodes/monster-of-florence-the-real-life-horror-behind-an-italian-legend,correct
/podcast/the-compendium-of-fascinating-things/episode/nuns-on-the-run-how-eight-belgian-nuns-outsmarted-the-church,true,301 https://www.thecompendiumpodcast.com/podcast/the-compendium-of-fascinating-things/episode/nuns-on-the-run-how-eight-belgian-nuns-outsmarted-the-church | 200 https://www.thecompendiumpodcast.com/episodes/nuns-on-the-run-how-eight-belgian-nuns-outsmarted-the-church,https://www.thecompendiumpodcast.com/episodes/nuns-on-the-run-how-eight-belgian-nuns-outsmarted-the-church,200,/episodes/nuns-on-the-run-how-eight-belgian-nuns-outsmarted-the-church,correct
/podcast/the-compendium-of-fascinating-things/episode/nutty-putty-cave-the-john-edward-jones-story-that-haunts-cavers-to-this-day,true,301 https://www.thecompendiumpodcast.com/podcast/the-compendium-of-fascinating-things/episode/nutty-putty-cave-the-john-edward-jones-story-that-haunts-cavers-to-this-day | 200 https://www.thecompendiumpodcast.com/episodes/nutty-putty-cave-the-john-edward-jones-story-that-haunts-cavers-to-this-day,https://www.thecompendiumpodcast.com/episodes/nutty-putty-cave-the-john-edward-jones-story-that-haunts-cavers-to-this-day,200,/episodes/nutty-putty-cave-the-john-edward-jones-story-that-haunts-cavers-to-this-day,correct
/podcast/the-compendium-of-fascinating-things/episode/oj-simpson-i-did-it-unraveling-the-trial-of-the-century,true,301 https://www.thecompendiumpodcast.com/podcast/the-compendium-of-fascinating-things/episode/oj-simpson-i-did-it-unraveling-the-trial-of-the-century | 200 https://www.thecompendiumpodcast.com/episodes/oj-simpson-i-did-it-unraveling-the-trial-of-the-century,https://www.thecompendiumpodcast.com/episodes/oj-simpson-i-did-it-unraveling-the-trial-of-the-century,200,/episodes/oj-simpson-i-did-it-unraveling-the-trial-of-the-century,correct
/podcast/the-compendium-of-fascinating-things/episode/patty-hearst-from-kidnapped-heiress-to-americas-most-wanted-fugitive,true,301 https://www.thecompendiumpodcast.com/podcast/the-compendium-of-fascinating-things/episode/patty-hearst-from-kidnapped-heiress-to-americas-most-wanted-fugitive | 301 https://www.thecompendiumpodcast.com/episodes/patty-hearst-from-kidnapped-heiress-to-americas-most-wanted-fugitive | 200 https://www.thecompendiumpodcast.com/episodes/patty-hearst-from-kidnapped-heiress-to-america-s-most-wanted-fugitive,https://www.thecompendiumpodcast.com/episodes/patty-hearst-from-kidnapped-heiress-to-america-s-most-wanted-fugitive,200,/episodes/patty-hearst-from-kidnapped-heiress-to-america-s-most-wanted-fugitive,correct
/podcast/the-compendium-of-fascinating-things/episode/poop-cruise-the-carnival-triumph-disaster-that-stranded-thousands-without-toilets,true,301 https://www.thecompendiumpodcast.com/podcast/the-compendium-of-fascinating-things/episode/poop-cruise-the-carnival-triumph-disaster-that-stranded-thousands-without-toilets | 200 https://www.thecompendiumpodcast.com/episodes/poop-cruise-the-carnival-triumph-disaster-that-stranded-thousands-without-toilets,https://www.thecompendiumpodcast.com/episodes/poop-cruise-the-carnival-triumph-disaster-that-stranded-thousands-without-toilets,200,/episodes/poop-cruise-the-carnival-triumph-disaster-that-stranded-thousands-without-toilets,correct
/podcast/the-compendium-of-fascinating-things/episode/princess-diana-part-1-the-royal-romance-that-was-over-before-it-began,true,301 https://www.thecompendiumpodcast.com/podcast/the-compendium-of-fascinating-things/episode/princess-diana-part-1-the-royal-romance-that-was-over-before-it-began | 200 https://www.thecompendiumpodcast.com/episodes/princess-diana-part-1-the-royal-romance-that-was-over-before-it-began,https://www.thecompendiumpodcast.com/episodes/princess-diana-part-1-the-royal-romance-that-was-over-before-it-began,200,/episodes/princess-diana-part-1-the-royal-romance-that-was-over-before-it-began,correct
/podcast/the-compendium-of-fascinating-things/episode/princess-diana-part-2-the-truth-behind-her-divorce-from-charles-and-the-royal-fallout,true,301 https://www.thecompendiumpodcast.com/podcast/the-compendium-of-fascinating-things/episode/princess-diana-part-2-the-truth-behind-her-divorce-from-charles-and-the-royal-fallout | 200 https://www.thecompendiumpodcast.com/episodes/princess-diana-part-2-the-truth-behind-her-divorce-from-charles-and-the-royal-fallout,https://www.thecompendiumpodcast.com/episodes/princess-diana-part-2-the-truth-behind-her-divorce-from-charles-and-the-royal-fallout,200,/episodes/princess-diana-part-2-the-truth-behind-her-divorce-from-charles-and-the-royal-fallout,correct
/podcast/the-compendium-of-fascinating-things/episode/princess-diana-part-3-the-final-year-the-fatal-chase-the-last-goodbye,true,301 https://www.thecompendiumpodcast.com/podcast/the-compendium-of-fascinating-things/episode/princess-diana-part-3-the-final-year-the-fatal-chase-the-last-goodbye | 200 https://www.thecompendiumpodcast.com/episodes/princess-diana-part-3-the-final-year-the-fatal-chase-the-last-goodbye,https://www.thecompendiumpodcast.com/episodes/princess-diana-part-3-the-final-year-the-fatal-chase-the-last-goodbye,200,/episodes/princess-diana-part-3-the-final-year-the-fatal-chase-the-last-goodbye,correct
/podcast/the-compendium-of-fascinating-things/episode/reeva-steenkamp-the-night-oscar-pistorius-pulled-the-trigger,true,301 https://www.thecompendiumpodcast.com/podcast/the-compendium-of-fascinating-things/episode/reeva-steenkamp-the-night-oscar-pistorius-pulled-the-trigger | 200 https://www.thecompendiumpodcast.com/episodes/reeva-steenkamp-the-night-oscar-pistorius-pulled-the-trigger,https://www.thecompendiumpodcast.com/episodes/reeva-steenkamp-the-night-oscar-pistorius-pulled-the-trigger,200,/episodes/reeva-steenkamp-the-night-oscar-pistorius-pulled-the-trigger,correct
/podcast/the-compendium-of-fascinating-things/episode/revisited-db-cooper-the-man-the-myth-the-unresolved-hijacking,true,301 https://www.thecompendiumpodcast.com/podcast/the-compendium-of-fascinating-things/episode/revisited-db-cooper-the-man-the-myth-the-unresolved-hijacking | 200 https://www.thecompendiumpodcast.com/episodes/revisited-db-cooper-the-man-the-myth-the-unresolved-hijacking,https://www.thecompendiumpodcast.com/episodes/revisited-db-cooper-the-man-the-myth-the-unresolved-hijacking,200,/episodes/revisited-db-cooper-the-man-the-myth-the-unresolved-hijacking,correct
/podcast/the-compendium-of-fascinating-things/episode/revisited-house-of-gucci-a-tale-of-glamour-greed-and-grudges,true,301 https://www.thecompendiumpodcast.com/podcast/the-compendium-of-fascinating-things/episode/revisited-house-of-gucci-a-tale-of-glamour-greed-and-grudges | 200 https://www.thecompendiumpodcast.com/episodes/revisited-house-of-gucci-a-tale-of-glamour-greed-and-grudges,https://www.thecompendiumpodcast.com/episodes/revisited-house-of-gucci-a-tale-of-glamour-greed-and-grudges,200,/episodes/revisited-house-of-gucci-a-tale-of-glamour-greed-and-grudges,correct
/podcast/the-compendium-of-fascinating-things/episode/revisited-nuns-on-the-run-how-eight-belgian-nuns-outsmarted-the-church,true,301 https://www.thecompendiumpodcast.com/podcast/the-compendium-of-fascinating-things/episode/revisited-nuns-on-the-run-how-eight-belgian-nuns-outsmarted-the-church | 200 https://www.thecompendiumpodcast.com/episodes/revisited-nuns-on-the-run-how-eight-belgian-nuns-outsmarted-the-church,https://www.thecompendiumpodcast.com/episodes/revisited-nuns-on-the-run-how-eight-belgian-nuns-outsmarted-the-church,200,/episodes/revisited-nuns-on-the-run-how-eight-belgian-nuns-outsmarted-the-church,correct
/podcast/the-compendium-of-fascinating-things/episode/revisited-oj-simpson-i-did-it-unraveling-the-trial-of-the-century,true,301 https://www.thecompendiumpodcast.com/podcast/the-compendium-of-fascinating-things/episode/revisited-oj-simpson-i-did-it-unraveling-the-trial-of-the-century | 200 https://www.thecompendiumpodcast.com/episodes/revisited-oj-simpson-i-did-it-unraveling-the-trial-of-the-century,https://www.thecompendiumpodcast.com/episodes/revisited-oj-simpson-i-did-it-unraveling-the-trial-of-the-century,200,/episodes/revisited-oj-simpson-i-did-it-unraveling-the-trial-of-the-century,correct
/podcast/the-compendium-of-fascinating-things/episode/revisited-the-chippendales-a-story-of-fame-money-and-murder,true,301 https://www.thecompendiumpodcast.com/podcast/the-compendium-of-fascinating-things/episode/revisited-the-chippendales-a-story-of-fame-money-and-murder | 200 https://www.thecompendiumpodcast.com/episodes/revisited-the-chippendales-a-story-of-fame-money-and-murder,https://www.thecompendiumpodcast.com/episodes/revisited-the-chippendales-a-story-of-fame-money-and-murder,200,/episodes/revisited-the-chippendales-a-story-of-fame-money-and-murder,correct
/podcast/the-compendium-of-fascinating-things/episode/revisited-the-menendez-brothers-the-lyle-and-erik-menendez-story,true,301 https://www.thecompendiumpodcast.com/podcast/the-compendium-of-fascinating-things/episode/revisited-the-menendez-brothers-the-lyle-and-erik-menendez-story | 200 https://www.thecompendiumpodcast.com/episodes/revisited-the-menendez-brothers-the-lyle-and-erik-menendez-story,https://www.thecompendiumpodcast.com/episodes/revisited-the-menendez-brothers-the-lyle-and-erik-menendez-story,200,/episodes/revisited-the-menendez-brothers-the-lyle-and-erik-menendez-story,correct
/podcast/the-compendium-of-fascinating-things/episode/revisited-the-miracle-of-the-andes-the-story-of-a-group-of-survivors-of-a-plane-crash-in-the-andes-in-1972,true,301 https://www.thecompendiumpodcast.com/podcast/the-compendium-of-fascinating-things/episode/revisited-the-miracle-of-the-andes-the-story-of-a-group-of-survivors-of-a-plane-crash-in-the-andes-in-1972 | 200 https://www.thecompendiumpodcast.com/episodes/revisited-the-miracle-of-the-andes-the-story-of-a-group-of-survivors-of-a-plane-crash-in-the-andes-in-1972,https://www.thecompendiumpodcast.com/episodes/revisited-the-miracle-of-the-andes-the-story-of-a-group-of-survivors-of-a-plane-crash-in-the-andes-in-1972,200,/episodes/revisited-the-miracle-of-the-andes-the-story-of-a-group-of-survivors-of-a-plane-crash-in-the-andes-in-1972,correct
/podcast/the-compendium-of-fascinating-things/episode/revisited-the-mysterious-death-of-jonbenet-ramsey-a-closer-look-into-this-tragic-murder,true,301 https://www.thecompendiumpodcast.com/podcast/the-compendium-of-fascinating-things/episode/revisited-the-mysterious-death-of-jonbenet-ramsey-a-closer-look-into-this-tragic-murder | 200 https://www.thecompendiumpodcast.com/episodes/revisited-the-mysterious-death-of-jonbenet-ramsey-a-closer-look-into-this-tragic-murder,https://www.thecompendiumpodcast.com/episodes/revisited-the-mysterious-death-of-jonbenet-ramsey-a-closer-look-into-this-tragic-murder,200,/episodes/revisited-the-mysterious-death-of-jonbenet-ramsey-a-closer-look-into-this-tragic-murder,correct
/podcast/the-compendium-of-fascinating-things/episode/revisited-the-titanic-part-1-the-people-the-passions-the-legend,true,301 https://www.thecompendiumpodcast.com/podcast/the-compendium-of-fascinating-things/episode/revisited-the-titanic-part-1-the-people-the-passions-the-legend | 200 https://www.thecompendiumpodcast.com/episodes/revisited-the-titanic-part-1-the-people-the-passions-the-legend,https://www.thecompendiumpodcast.com/episodes/revisited-the-titanic-part-1-the-people-the-passions-the-legend,200,/episodes/revisited-the-titanic-part-1-the-people-the-passions-the-legend,correct
/podcast/the-compendium-of-fascinating-things/episode/roald-dahl-a-life-shaped-by-war-words-and-whimsy,true,301 https://www.thecompendiumpodcast.com/podcast/the-compendium-of-fascinating-things/episode/roald-dahl-a-life-shaped-by-war-words-and-whimsy | 200 https://www.thecompendiumpodcast.com/episodes/roald-dahl-a-life-shaped-by-war-words-and-whimsy,https://www.thecompendiumpodcast.com/episodes/roald-dahl-a-life-shaped-by-war-words-and-whimsy,200,/episodes/roald-dahl-a-life-shaped-by-war-words-and-whimsy,correct
/podcast/the-compendium-of-fascinating-things/episode/roar-the-story-of-the-most-dangerous-film-ever-made,true,301 https://www.thecompendiumpodcast.com/podcast/the-compendium-of-fascinating-things/episode/roar-the-story-of-the-most-dangerous-film-ever-made | 200 https://www.thecompendiumpodcast.com/episodes/roar-the-story-of-the-most-dangerous-film-ever-made,https://www.thecompendiumpodcast.com/episodes/roar-the-story-of-the-most-dangerous-film-ever-made,200,/episodes/roar-the-story-of-the-most-dangerous-film-ever-made,correct
/podcast/the-compendium-of-fascinating-things/episode/rudy-kurniawan-the-man-who-duped-the-elite-with-fake-fine-wines,true,301 https://www.thecompendiumpodcast.com/podcast/the-compendium-of-fascinating-things/episode/rudy-kurniawan-the-man-who-duped-the-elite-with-fake-fine-wines | 200 https://www.thecompendiumpodcast.com/episodes/rudy-kurniawan-the-man-who-duped-the-elite-with-fake-fine-wines,https://www.thecompendiumpodcast.com/episodes/rudy-kurniawan-the-man-who-duped-the-elite-with-fake-fine-wines,200,/episodes/rudy-kurniawan-the-man-who-duped-the-elite-with-fake-fine-wines,correct
/podcast/the-compendium-of-fascinating-things/episode/scientology-understanding-their-beliefs-practices-and-scandals,true,301 https://www.thecompendiumpodcast.com/podcast/the-compendium-of-fascinating-things/episode/scientology-understanding-their-beliefs-practices-and-scandals | 200 https://www.thecompendiumpodcast.com/episodes/scientology-understanding-their-beliefs-practices-and-scandals,https://www.thecompendiumpodcast.com/episodes/scientology-understanding-their-beliefs-practices-and-scandals,200,/episodes/scientology-understanding-their-beliefs-practices-and-scandals,correct
/podcast/the-compendium-of-fascinating-things/episode/secret-mall-apartment-how-an-artist-lived-in-a-mall-for-4-years-without-getting-caught,true,301 https://www.thecompendiumpodcast.com/podcast/the-compendium-of-fascinating-things/episode/secret-mall-apartment-how-an-artist-lived-in-a-mall-for-4-years-without-getting-caught | 200 https://www.thecompendiumpodcast.com/episodes/secret-mall-apartment-how-an-artist-lived-in-a-mall-for-4-years-without-getting-caught,https://www.thecompendiumpodcast.com/episodes/secret-mall-apartment-how-an-artist-lived-in-a-mall-for-4-years-without-getting-caught,200,/episodes/secret-mall-apartment-how-an-artist-lived-in-a-mall-for-4-years-without-getting-caught,correct
/podcast/the-compendium-of-fascinating-things/episode/sixto-rodriguez-the-story-of-an-unknown-musician-who-inspired-a-revolution,true,301 https://www.thecompendiumpodcast.com/podcast/the-compendium-of-fascinating-things/episode/sixto-rodriguez-the-story-of-an-unknown-musician-who-inspired-a-revolution | 200 https://www.thecompendiumpodcast.com/episodes/sixto-rodriguez-the-story-of-an-unknown-musician-who-inspired-a-revolution,https://www.thecompendiumpodcast.com/episodes/sixto-rodriguez-the-story-of-an-unknown-musician-who-inspired-a-revolution,200,/episodes/sixto-rodriguez-the-story-of-an-unknown-musician-who-inspired-a-revolution,correct
/podcast/the-compendium-of-fascinating-things/episode/space-cadets-how-a-british-reality-show-convinced-contestants-they-were-in-space,true,301 https://www.thecompendiumpodcast.com/podcast/the-compendium-of-fascinating-things/episode/space-cadets-how-a-british-reality-show-convinced-contestants-they-were-in-space | 200 https://www.thecompendiumpodcast.com/episodes/space-cadets-how-a-british-reality-show-convinced-contestants-they-were-in-space,https://www.thecompendiumpodcast.com/episodes/space-cadets-how-a-british-reality-show-convinced-contestants-they-were-in-space,200,/episodes/space-cadets-how-a-british-reality-show-convinced-contestants-they-were-in-space,correct
/podcast/the-compendium-of-fascinating-things/episode/survival-at-sea-the-harrowing-tale-of-the-trashman-yacht-sinking,true,301 https://www.thecompendiumpodcast.com/podcast/the-compendium-of-fascinating-things/episode/survival-at-sea-the-harrowing-tale-of-the-trashman-yacht-sinking | 200 https://www.thecompendiumpodcast.com/episodes/survival-at-sea-the-harrowing-tale-of-the-trashman-yacht-sinking,https://www.thecompendiumpodcast.com/episodes/survival-at-sea-the-harrowing-tale-of-the-trashman-yacht-sinking,200,/episodes/survival-at-sea-the-harrowing-tale-of-the-trashman-yacht-sinking,correct
/podcast/the-compendium-of-fascinating-things/episode/terminal-man-the-refugee-who-waited-at-an-airport-for-18-years,true,301 https://www.thecompendiumpodcast.com/podcast/the-compendium-of-fascinating-things/episode/terminal-man-the-refugee-who-waited-at-an-airport-for-18-years | 200 https://www.thecompendiumpodcast.com/episodes/terminal-man-the-refugee-who-waited-at-an-airport-for-18-years,https://www.thecompendiumpodcast.com/episodes/terminal-man-the-refugee-who-waited-at-an-airport-for-18-years,200,/episodes/terminal-man-the-refugee-who-waited-at-an-airport-for-18-years,correct
/podcast/the-compendium-of-fascinating-things/episode/the-2019-ebay-stalking-scandal-when-tech-giants-become-stalkers,true,301 https://www.thecompendiumpodcast.com/podcast/the-compendium-of-fascinating-things/episode/the-2019-ebay-stalking-scandal-when-tech-giants-become-stalkers | 200 https://www.thecompendiumpodcast.com/episodes/the-2019-ebay-stalking-scandal-when-tech-giants-become-stalkers,https://www.thecompendiumpodcast.com/episodes/the-2019-ebay-stalking-scandal-when-tech-giants-become-stalkers,200,/episodes/the-2019-ebay-stalking-scandal-when-tech-giants-become-stalkers,correct
/podcast/the-compendium-of-fascinating-things/episode/the-acali-experiment-science-sex-and-santiago-genovess-bizarre-human-behaviour-study,true,301 https://www.thecompendiumpodcast.com/podcast/the-compendium-of-fascinating-things/episode/the-acali-experiment-science-sex-and-santiago-genovess-bizarre-human-behaviour-study | 301 https://www.thecompendiumpodcast.com/episodes/the-acali-experiment-science-sex-and-santiago-genovess-bizarre-human-behaviour-study | 200 https://www.thecompendiumpodcast.com/episodes/the-acali-experiment-science-sex-and-santiago-genoves-s-bizarre-human-behaviour-study,https://www.thecompendiumpodcast.com/episodes/the-acali-experiment-science-sex-and-santiago-genoves-s-bizarre-human-behaviour-study,200,/episodes/the-acali-experiment-science-sex-and-santiago-genoves-s-bizarre-human-behaviour-study,correct
/podcast/the-compendium-of-fascinating-things/episode/the-alcatraz-escape-the-unbelievable-true-story-of-the-great-prison-break,true,301 https://www.thecompendiumpodcast.com/podcast/the-compendium-of-fascinating-things/episode/the-alcatraz-escape-the-unbelievable-true-story-of-the-great-prison-break | 200 https://www.thecompendiumpodcast.com/episodes/the-alcatraz-escape-the-unbelievable-true-story-of-the-great-prison-break,https://www.thecompendiumpodcast.com/episodes/the-alcatraz-escape-the-unbelievable-true-story-of-the-great-prison-break,200,/episodes/the-alcatraz-escape-the-unbelievable-true-story-of-the-great-prison-break,correct
/podcast/the-compendium-of-fascinating-things/episode/the-compendium-an-assembly-of-fascinating-things,true,301 https://www.thecompendiumpodcast.com/podcast/the-compendium-of-fascinating-things/episode/the-compendium-an-assembly-of-fascinating-things | 200 https://www.thecompendiumpodcast.com/episodes/the-compendium-an-assembly-of-fascinating-things,https://www.thecompendiumpodcast.com/episodes/the-compendium-an-assembly-of-fascinating-things,200,/episodes/the-compendium-an-assembly-of-fascinating-things,correct
/podcast/the-compendium-of-fascinating-things/episode/the-crazy-story-of-tetris-from-ussr-blocks-to-usa-stardom,true,301 https://www.thecompendiumpodcast.com/podcast/the-compendium-of-fascinating-things/episode/the-crazy-story-of-tetris-from-ussr-blocks-to-usa-stardom | 200 https://www.thecompendiumpodcast.com/episodes/the-crazy-story-of-tetris-from-ussr-blocks-to-usa-stardom,https://www.thecompendiumpodcast.com/episodes/the-crazy-story-of-tetris-from-ussr-blocks-to-usa-stardom,200,/episodes/the-crazy-story-of-tetris-from-ussr-blocks-to-usa-stardom,correct
/podcast/the-compendium-of-fascinating-things/episode/the-curse-of-the-cecil-americas-most-dangerous-hotel,true,301 https://www.thecompendiumpodcast.com/podcast/the-compendium-of-fascinating-things/episode/the-curse-of-the-cecil-americas-most-dangerous-hotel | 301 https://www.thecompendiumpodcast.com/episodes/the-curse-of-the-cecil-americas-most-dangerous-hotel | 200 https://www.thecompendiumpodcast.com/episodes/the-curse-of-the-cecil-america-s-most-dangerous-hotel,https://www.thecompendiumpodcast.com/episodes/the-curse-of-the-cecil-america-s-most-dangerous-hotel,200,/episodes/the-curse-of-the-cecil-america-s-most-dangerous-hotel,correct
/podcast/the-compendium-of-fascinating-things/episode/the-disappearance-of-emanuela-orlandi-pt-1,true,301 https://www.thecompendiumpodcast.com/podcast/the-compendium-of-fascinating-things/episode/the-disappearance-of-emanuela-orlandi-pt-1 | 200 https://www.thecompendiumpodcast.com/episodes/the-disappearance-of-emanuela-orlandi-pt-1,https://www.thecompendiumpodcast.com/episodes/the-disappearance-of-emanuela-orlandi-pt-1,200,/episodes/the-disappearance-of-emanuela-orlandi-pt-1,correct
/podcast/the-compendium-of-fascinating-things/episode/the-disappearance-of-emanuela-orlandi-pt-2,true,301 https://www.thecompendiumpodcast.com/podcast/the-compendium-of-fascinating-things/episode/the-disappearance-of-emanuela-orlandi-pt-2 | 200 https://www.thecompendiumpodcast.com/episodes/the-disappearance-of-emanuela-orlandi-pt-2,https://www.thecompendiumpodcast.com/episodes/the-disappearance-of-emanuela-orlandi-pt-2,200,/episodes/the-disappearance-of-emanuela-orlandi-pt-2,correct
/podcast/the-compendium-of-fascinating-things/episode/the-doctor-who-killed-the-chilling-true-story-of-dr-harrold-shipman-and-his-many-victims,true,301 https://www.thecompendiumpodcast.com/podcast/the-compendium-of-fascinating-things/episode/the-doctor-who-killed-the-chilling-true-story-of-dr-harrold-shipman-and-his-many-victims | 200 https://www.thecompendiumpodcast.com/episodes/the-doctor-who-killed-the-chilling-true-story-of-dr-harrold-shipman-and-his-many-victims,https://www.thecompendiumpodcast.com/episodes/the-doctor-who-killed-the-chilling-true-story-of-dr-harrold-shipman-and-his-many-victims,200,/episodes/the-doctor-who-killed-the-chilling-true-story-of-dr-harrold-shipman-and-his-many-victims,correct
/podcast/the-compendium-of-fascinating-things/episode/the-enfield-poltergeist-haunting-on-green-street,true,301 https://www.thecompendiumpodcast.com/podcast/the-compendium-of-fascinating-things/episode/the-enfield-poltergeist-haunting-on-green-street | 200 https://www.thecompendiumpodcast.com/episodes/the-enfield-poltergeist-haunting-on-green-street,https://www.thecompendiumpodcast.com/episodes/the-enfield-poltergeist-haunting-on-green-street,200,/episodes/the-enfield-poltergeist-haunting-on-green-street,correct
/podcast/the-compendium-of-fascinating-things/episode/the-exorcism-of-roland-doe-the-true-story-behind-the-exorcist,true,301 https://www.thecompendiumpodcast.com/podcast/the-compendium-of-fascinating-things/episode/the-exorcism-of-roland-doe-the-true-story-behind-the-exorcist | 200 https://www.thecompendiumpodcast.com/episodes/the-exorcism-of-roland-doe-the-true-story-behind-the-exorcist,https://www.thecompendiumpodcast.com/episodes/the-exorcism-of-roland-doe-the-true-story-behind-the-exorcist,200,/episodes/the-exorcism-of-roland-doe-the-true-story-behind-the-exorcist,correct
/podcast/the-compendium-of-fascinating-things/episode/the-giggling-granny-nannie-doss-the-serial-killer-grandma,true,301 https://www.thecompendiumpodcast.com/podcast/the-compendium-of-fascinating-things/episode/the-giggling-granny-nannie-doss-the-serial-killer-grandma | 200 https://www.thecompendiumpodcast.com/episodes/the-giggling-granny-nannie-doss-the-serial-killer-grandma,https://www.thecompendiumpodcast.com/episodes/the-giggling-granny-nannie-doss-the-serial-killer-grandma,200,/episodes/the-giggling-granny-nannie-doss-the-serial-killer-grandma,correct
/podcast/the-compendium-of-fascinating-things/episode/the-great-emu-war-of-1932-emus-soldiers-and-an-unexpected-war,true,301 https://www.thecompendiumpodcast.com/podcast/the-compendium-of-fascinating-things/episode/the-great-emu-war-of-1932-emus-soldiers-and-an-unexpected-war | 200 https://www.thecompendiumpodcast.com/episodes/the-great-emu-war-of-1932-emus-soldiers-and-an-unexpected-war,https://www.thecompendiumpodcast.com/episodes/the-great-emu-war-of-1932-emus-soldiers-and-an-unexpected-war,200,/episodes/the-great-emu-war-of-1932-emus-soldiers-and-an-unexpected-war,correct
/podcast/the-compendium-of-fascinating-things/episode/the-hindenburg-disaster-the-fiery-end-of-the-golden-age-of-airships,true,301 https://www.thecompendiumpodcast.com/podcast/the-compendium-of-fascinating-things/episode/the-hindenburg-disaster-the-fiery-end-of-the-golden-age-of-airships | 200 https://www.thecompendiumpodcast.com/episodes/the-hindenburg-disaster-the-fiery-end-of-the-golden-age-of-airships,https://www.thecompendiumpodcast.com/episodes/the-hindenburg-disaster-the-fiery-end-of-the-golden-age-of-airships,200,/episodes/the-hindenburg-disaster-the-fiery-end-of-the-golden-age-of-airships,correct
/podcast/the-compendium-of-fascinating-things/episode/the-loch-ness-monster-hoax-how-a-man-named-marmaduke-fooled-the-world,true,301 https://www.thecompendiumpodcast.com/podcast/the-compendium-of-fascinating-things/episode/the-loch-ness-monster-hoax-how-a-man-named-marmaduke-fooled-the-world | 200 https://www.thecompendiumpodcast.com/episodes/the-loch-ness-monster-hoax-how-a-man-named-marmaduke-fooled-the-world,https://www.thecompendiumpodcast.com/episodes/the-loch-ness-monster-hoax-how-a-man-named-marmaduke-fooled-the-world,200,/episodes/the-loch-ness-monster-hoax-how-a-man-named-marmaduke-fooled-the-world,correct
/podcast/the-compendium-of-fascinating-things/episode/the-pizza-bomber-heist-the-astonishing-story-of-brian-wells-and-the-collar-bomb-conspiracy,true,301 https://www.thecompendiumpodcast.com/podcast/the-compendium-of-fascinating-things/episode/the-pizza-bomber-heist-the-astonishing-story-of-brian-wells-and-the-collar-bomb-conspiracy | 200 https://www.thecompendiumpodcast.com/episodes/the-pizza-bomber-heist-the-astonishing-story-of-brian-wells-and-the-collar-bomb-conspiracy,https://www.thecompendiumpodcast.com/episodes/the-pizza-bomber-heist-the-astonishing-story-of-brian-wells-and-the-collar-bomb-conspiracy,200,/episodes/the-pizza-bomber-heist-the-astonishing-story-of-brian-wells-and-the-collar-bomb-conspiracy,correct
/podcast/the-compendium-of-fascinating-things/episode/the-real-life-gone-girl-denise-huskins-vallejo-kidnapping-story,true,301 https://www.thecompendiumpodcast.com/podcast/the-compendium-of-fascinating-things/episode/the-real-life-gone-girl-denise-huskins-vallejo-kidnapping-story | 200 https://www.thecompendiumpodcast.com/episodes/the-real-life-gone-girl-denise-huskins-vallejo-kidnapping-story,https://www.thecompendiumpodcast.com/episodes/the-real-life-gone-girl-denise-huskins-vallejo-kidnapping-story,200,/episodes/the-real-life-gone-girl-denise-huskins-vallejo-kidnapping-story,correct
/podcast/the-compendium-of-fascinating-things/episode/the-suffolk-strangler-steve-wright-the-man-who-made-the-road-home-a-nightmare,true,301 https://www.thecompendiumpodcast.com/podcast/the-compendium-of-fascinating-things/episode/the-suffolk-strangler-steve-wright-the-man-who-made-the-road-home-a-nightmare | 200 https://www.thecompendiumpodcast.com/episodes/the-suffolk-strangler-steve-wright-the-man-who-made-the-road-home-a-nightmare,https://www.thecompendiumpodcast.com/episodes/the-suffolk-strangler-steve-wright-the-man-who-made-the-road-home-a-nightmare,200,/episodes/the-suffolk-strangler-steve-wright-the-man-who-made-the-road-home-a-nightmare,correct
/podcast/the-compendium-of-fascinating-things/episode/the-titanic-part-1-the-people-the-passions-the-legend,true,301 https://www.thecompendiumpodcast.com/podcast/the-compendium-of-fascinating-things/episode/the-titanic-part-1-the-people-the-passions-the-legend | 200 https://www.thecompendiumpodcast.com/episodes/the-titanic-part-1-the-people-the-passions-the-legend,https://www.thecompendiumpodcast.com/episodes/the-titanic-part-1-the-people-the-passions-the-legend,200,/episodes/the-titanic-part-1-the-people-the-passions-the-legend,correct
/podcast/the-compendium-of-fascinating-things/episode/the-titanic-part-2-the-voyage-the-iceberg-the-aftermath,true,301 https://www.thecompendiumpodcast.com/podcast/the-compendium-of-fascinating-things/episode/the-titanic-part-2-the-voyage-the-iceberg-the-aftermath | 200 https://www.thecompendiumpodcast.com/episodes/the-titanic-part-2-the-voyage-the-iceberg-the-aftermath,https://www.thecompendiumpodcast.com/episodes/the-titanic-part-2-the-voyage-the-iceberg-the-aftermath,200,/episodes/the-titanic-part-2-the-voyage-the-iceberg-the-aftermath,correct
/podcast/the-compendium-of-fascinating-things/episode/tylenol-murders-a-chilling-mystery-of-poisoned-pills-and-a-vanishing-killer,true,301 https://www.thecompendiumpodcast.com/podcast/the-compendium-of-fascinating-things/episode/tylenol-murders-a-chilling-mystery-of-poisoned-pills-and-a-vanishing-killer | 200 https://www.thecompendiumpodcast.com/episodes/tylenol-murders-a-chilling-mystery-of-poisoned-pills-and-a-vanishing-killer,https://www.thecompendiumpodcast.com/episodes/tylenol-murders-a-chilling-mystery-of-poisoned-pills-and-a-vanishing-killer,200,/episodes/tylenol-murders-a-chilling-mystery-of-poisoned-pills-and-a-vanishing-killer,correct
/podcast/the-compendium-of-fascinating-things/episode/village-people-disco-beats-cultural-shifts-and-gay-icons,true,301 https://www.thecompendiumpodcast.com/podcast/the-compendium-of-fascinating-things/episode/village-people-disco-beats-cultural-shifts-and-gay-icons | 200 https://www.thecompendiumpodcast.com/episodes/village-people-disco-beats-cultural-shifts-and-gay-icons,https://www.thecompendiumpodcast.com/episodes/village-people-disco-beats-cultural-shifts-and-gay-icons,200,/episodes/village-people-disco-beats-cultural-shifts-and-gay-icons,correct
/podcast/the-compendium-of-fascinating-things/episode/west-memphis-three-paradise-lost-justice-lost-innocence-lost,true,301 https://www.thecompendiumpodcast.com/podcast/the-compendium-of-fascinating-things/episode/west-memphis-three-paradise-lost-justice-lost-innocence-lost | 200 https://www.thecompendiumpodcast.com/episodes/west-memphis-three-paradise-lost-justice-lost-innocence-lost,https://www.thecompendiumpodcast.com/episodes/west-memphis-three-paradise-lost-justice-lost-innocence-lost,200,/episodes/west-memphis-three-paradise-lost-justice-lost-innocence-lost,correct
/podcast/the-compendium-of-fascinating-things/episode/when-hippos-attack-nightmare-on-the-zambezi-and-the-miracle-paddle-that-saved-their-lives,true,301 https://www.thecompendiumpodcast.com/podcast/the-compendium-of-fascinating-things/episode/when-hippos-attack-nightmare-on-the-zambezi-and-the-miracle-paddle-that-saved-their-lives | 200 https://www.thecompendiumpodcast.com/episodes/when-hippos-attack-nightmare-on-the-zambezi-and-the-miracle-paddle-that-saved-their-lives,https://www.thecompendiumpodcast.com/episodes/when-hippos-attack-nightmare-on-the-zambezi-and-the-miracle-paddle-that-saved-their-lives,200,/episodes/when-hippos-attack-nightmare-on-the-zambezi-and-the-miracle-paddle-that-saved-their-lives,correct
