source_path,target_url,expected_target,status_code,match_type,priority,created_at,updated_at
/podcast/the-compendium-of-fascinating-things/episode/aileen-wuornos-queen-of-the-serial-killers,/episodes/aileen-wuornos-queen-of-the-serial-killers,/episodes/aileen-wuornos-queen-of-the-serial-killers,301,exact,100,2026-03-02T18:12:22.881561+00:00,2026-03-07T22:35:51.826853+00:00
/podcast/the-compendium-of-fascinating-things/episode/amanda-knox-and-the-murder-of-meredith-kercher-part-i,/episodes/amanda-knox-and-the-murder-of-meredith-kercher-part-i,/episodes/amanda-knox-and-the-murder-of-meredith-kercher-part-i,301,exact,100,2026-03-02T18:12:22.881561+00:00,2026-03-07T22:35:51.826853+00:00
/podcast/the-compendium-of-fascinating-things/episode/amanda-knox-and-the-murder-of-meredith-kercher-part-ii,/episodes/amanda-knox-and-the-murder-of-meredith-kercher-part-ii,/episodes/amanda-knox-and-the-murder-of-meredith-kercher-part-ii,301,exact,100,2026-03-02T18:12:22.881561+00:00,2026-03-07T22:35:51.826853+00:00
/podcast/the-compendium-of-fascinating-things/episode/amelia-earhart-flying-into-the-unknown,/episodes/amelia-earhart-flying-into-the-unknown,/episodes/amelia-earhart-flying-into-the-unknown,301,exact,100,2026-03-02T18:12:22.881561+00:00,2026-03-07T22:35:51.826853+00:00
/podcast/the-compendium-of-fascinating-things/episode/anna-delvey-from-rags-to-riches-to-rikers-new-yorks-fake-heiress,/episodes/anna-delvey-from-rags-to-riches-to-rikers-new-yorks-fake-heiress,/episodes/anna-delvey-from-rags-to-riches-to-rikers-new-yorks-fake-heiress,301,exact,100,2026-03-02T18:12:22.881561+00:00,2026-03-07T22:35:51.826853+00:00
/podcast/the-compendium-of-fascinating-things/episode/anni-dewani-honeymoon-murder-and-the-corruption-at-the-heart-of-south-africa,/episodes/anni-dewani-honeymoon-murder-and-the-corruption-at-the-heart-of-south-africa,/episodes/anni-dewani-honeymoon-murder-and-the-corruption-at-the-heart-of-south-africa,301,exact,100,2026-03-02T18:12:22.881561+00:00,2026-03-07T22:35:51.826853+00:00
/podcast/the-compendium-of-fascinating-things/episode/ariel-castro-abducted-in-plain-sight,/episodes/ariel-castro-abducted-in-plain-sight,/episodes/ariel-castro-abducted-in-plain-sight,301,exact,100,2026-03-02T18:12:22.881561+00:00,2026-03-07T22:35:51.826853+00:00
/podcast/the-compendium-of-fascinating-things/episode/baby-jessica-the-girl-who-fell-down-a-well-and-changed-news-forever,/episodes/baby-jessica-the-girl-who-fell-down-a-well-and-changed-news-forever,/episodes/baby-jessica-the-girl-who-fell-down-a-well-and-changed-news-forever,301,exact,100,2026-03-02T18:12:22.881561+00:00,2026-03-07T22:35:51.826853+00:00
/podcast/the-compendium-of-fascinating-things/episode/balloon-boy-hoax-the-viral-media-circus-that-spiraled-out-of-control,/episodes/balloon-boy-hoax-the-viral-media-circus-that-spiraled-out-of-control,/episodes/balloon-boy-hoax-the-viral-media-circus-that-spiraled-out-of-control,301,exact,100,2026-03-02T18:12:22.881561+00:00,2026-03-07T22:35:51.826853+00:00
/podcast/the-compendium-of-fascinating-things/episode/balloonfest-clevelands-1986-float-tastrophe-of-epic-proportions,/episodes/balloonfest-clevelands-1986-float-tastrophe-of-epic-proportions,/episodes/balloonfest-clevelands-1986-float-tastrophe-of-epic-proportions,301,exact,100,2026-03-02T18:12:22.881561+00:00,2026-03-07T22:35:51.826853+00:00
/podcast/the-compendium-of-fascinating-things/episode/billion-dollar-banquet-how-one-extravagant-party-sparked-the-iranian-revolution,/episodes/billion-dollar-banquet-how-one-extravagant-party-sparked-the-iranian-revolution,/episodes/billion-dollar-banquet-how-one-extravagant-party-sparked-the-iranian-revolution,301,exact,100,2026-03-02T18:12:22.881561+00:00,2026-03-07T22:35:51.826853+00:00
/podcast/the-compendium-of-fascinating-things/episode/billionaire-boys-club-greed-murder-and-high-society-crimes,/episodes/billionaire-boys-club-greed-murder-and-high-society-crimes,/episodes/billionaire-boys-club-greed-murder-and-high-society-crimes,301,exact,100,2026-03-02T18:12:22.881561+00:00,2026-03-07T22:35:51.826853+00:00
/podcast/the-compendium-of-fascinating-things/episode/bobby-dunbar-the-missing-child-case-solved-by-a-century-late-dna-test,/episodes/bobby-dunbar-the-missing-child-case-solved-by-a-century-late-dna-test,/episodes/bobby-dunbar-the-missing-child-case-solved-by-a-century-late-dna-test,301,exact,100,2026-03-02T18:12:22.881561+00:00,2026-03-07T22:35:51.826853+00:00
/podcast/the-compendium-of-fascinating-things/episode/body-in-room-348-how-a-locked-room-led-to-an-impossible-answer,/episodes/body-in-room-348-how-a-locked-room-led-to-an-impossible-answer,/episodes/body-in-room-348-how-a-locked-room-led-to-an-impossible-answer,301,exact,100,2026-03-02T18:12:22.881561+00:00,2026-03-07T22:35:51.826853+00:00
/podcast/the-compendium-of-fascinating-things/episode/bone-wars-the-rivalry-that-rewrote-dinosaur-history,/episodes/bone-wars-the-rivalry-that-rewrote-dinosaur-history,/episodes/bone-wars-the-rivalry-that-rewrote-dinosaur-history,301,exact,100,2026-03-02T18:12:22.881561+00:00,2026-03-07T22:35:51.826853+00:00
/podcast/the-compendium-of-fascinating-things/episode/chowchilla-bus-kidnapping-the-day-a-school-bus-vanished,/episodes/chowchilla-bus-kidnapping-the-day-a-school-bus-vanished,/episodes/chowchilla-bus-kidnapping-the-day-a-school-bus-vanished,301,exact,100,2026-03-02T18:12:22.881561+00:00,2026-03-07T22:35:51.826853+00:00
/podcast/the-compendium-of-fascinating-things/episode/chris-watts-inside-the-mind-of-a-family-annihilator-and-the-depth-of-betrayal,/episodes/chris-watts-inside-the-mind-of-a-family-annihilator-and-the-depth-of-betrayal,/episodes/chris-watts-inside-the-mind-of-a-family-annihilator-and-the-depth-of-betrayal,301,exact,100,2026-03-02T18:12:22.881561+00:00,2026-03-07T22:35:51.826853+00:00
/podcast/the-compendium-of-fascinating-things/episode/cocaine-queen-the-rise-and-fall-of-griselda-blanco,/episodes/cocaine-queen-the-rise-and-fall-of-griselda-blanco,/episodes/cocaine-queen-the-rise-and-fall-of-griselda-blanco,301,exact,100,2026-03-02T18:12:22.881561+00:00,2026-03-07T22:35:51.826853+00:00
/podcast/the-compendium-of-fascinating-things/episode/db-cooper-the-man-the-myth-the-unresolved-hijacking,/episodes/db-cooper-the-man-the-myth-the-unresolved-hijacking,/episodes/db-cooper-the-man-the-myth-the-unresolved-hijacking,301,exact,100,2026-03-02T18:12:22.881561+00:00,2026-03-07T22:35:51.826853+00:00
/podcast/the-compendium-of-fascinating-things/episode/dolly-parton-the-legend-behind-the-rhinestones,/episodes/dolly-parton-the-legend-behind-the-rhinestones,/episodes/dolly-parton-the-legend-behind-the-rhinestones,301,exact,100,2026-03-02T18:12:22.881561+00:00,2026-03-07T22:35:51.826853+00:00
/podcast/the-compendium-of-fascinating-things/episode/dr-donald-cline-conceived-in-deceit-the-infamous-fertility-scandal,/episodes/dr-donald-cline-conceived-in-deceit-the-infamous-fertility-scandal,/episodes/dr-donald-cline-conceived-in-deceit-the-infamous-fertility-scandal,301,exact,100,2026-03-02T18:12:22.881561+00:00,2026-03-07T22:35:51.826853+00:00
/podcast/the-compendium-of-fascinating-things/episode/elizabeth-smart-kidnapped-by-a-prophet,/episodes/elizabeth-smart-kidnapped-by-a-prophet,/episodes/elizabeth-smart-kidnapped-by-a-prophet,301,exact,100,2026-03-02T18:12:22.881561+00:00,2026-03-07T22:35:51.826853+00:00
/podcast/the-compendium-of-fascinating-things/episode/exploring-bigfoot-a-myth-or-reality,/episodes/exploring-bigfoot-a-myth-or-reality,/episodes/exploring-bigfoot-a-myth-or-reality,301,exact,100,2026-03-02T18:12:22.881561+00:00,2026-03-07T22:35:51.826853+00:00
/podcast/the-compendium-of-fascinating-things/episode/frida-kahlo-pain-politics-and-the-self-portraits-that-made-an-icon,/episodes/frida-kahlo-pain-politics-and-the-self-portraits-that-made-an-icon,/episodes/frida-kahlo-pain-politics-and-the-self-portraits-that-made-an-icon,301,exact,100,2026-03-02T18:12:22.881561+00:00,2026-03-07T22:35:51.826853+00:00
/podcast/the-compendium-of-fascinating-things/episode/fyre-festival-the-greatest-party-that-never-happened,/episodes/fyre-festival-the-greatest-party-that-never-happened,/episodes/fyre-festival-the-greatest-party-that-never-happened,301,exact,100,2026-03-02T18:12:22.881561+00:00,2026-03-07T22:35:51.826853+00:00
/podcast/the-compendium-of-fascinating-things/episode/guy-fawkes-treason-torture-and-the-birth-of-bonfire-night,/episodes/guy-fawkes-treason-torture-and-the-birth-of-bonfire-night,/episodes/guy-fawkes-treason-torture-and-the-birth-of-bonfire-night,301,exact,100,2026-03-02T18:12:22.881561+00:00,2026-03-07T22:35:51.826853+00:00
/podcast/the-compendium-of-fascinating-things/episode/gypsy-rose-blanchard-the-chilling-reality-behind-the-illusion,/episodes/gypsy-rose-blanchard-the-chilling-reality-behind-the-illusion,/episodes/gypsy-rose-blanchard-the-chilling-reality-behind-the-illusion,301,exact,100,2026-03-02T18:12:22.881561+00:00,2026-03-07T22:35:51.826853+00:00
/podcast/the-compendium-of-fascinating-things/episode/hillside-strangler-murder-in-the-shadows-of-los-angeles,/episodes/hillside-strangler-murder-in-the-shadows-of-los-angeles,/episodes/hillside-strangler-murder-in-the-shadows-of-los-angeles,301,exact,100,2026-03-02T18:12:22.881561+00:00,2026-03-07T22:35:51.826853+00:00
/podcast/the-compendium-of-fascinating-things/episode/hiroo-onoda-the-last-japanese-soldier-who-kept-on-fighting-after-ww2-had-finished,/episodes/hiroo-onoda-the-last-japanese-soldier-who-kept-on-fighting-after-ww2-had-finished,/episodes/hiroo-onoda-the-last-japanese-soldier-who-kept-on-fighting-after-ww2-had-finished,301,exact,100,2026-03-02T18:12:22.881561+00:00,2026-03-07T22:35:51.826853+00:00
/podcast/the-compendium-of-fascinating-things/episode/house-of-gucci-a-tale-of-glamour-greed-and-grudges,/episodes/house-of-gucci-a-tale-of-glamour-greed-and-grudges,/episodes/house-of-gucci-a-tale-of-glamour-greed-and-grudges,301,exact,100,2026-03-02T18:12:22.881561+00:00,2026-03-07T22:35:51.826853+00:00
/podcast/the-compendium-of-fascinating-things/episode/inside-scientology-david-miscavige-and-the-vanishing-of-shelly-miscavige,/episodes/inside-scientology-david-miscavige-and-the-vanishing-of-shelly-miscavige,/episodes/inside-scientology-david-miscavige-and-the-vanishing-of-shelly-miscavige,301,exact,100,2026-03-02T18:12:22.881561+00:00,2026-03-07T22:35:51.826853+00:00
/podcast/the-compendium-of-fascinating-things/episode/jennifer-fairgate-the-woman-with-no-past,/episodes/jennifer-fairgate-the-woman-with-no-past,/episodes/jennifer-fairgate-the-woman-with-no-past,301,exact,100,2026-03-02T18:12:22.881561+00:00,2026-03-07T22:35:51.826853+00:00
/podcast/the-compendium-of-fascinating-things/episode/jt-leroy-gender-deception-and-the-ultimate-hoax,/episodes/jt-leroy-gender-deception-and-the-ultimate-hoax,/episodes/jt-leroy-gender-deception-and-the-ultimate-hoax,301,exact,100,2026-03-02T18:12:22.881561+00:00,2026-03-07T22:35:51.826853+00:00
/podcast/the-compendium-of-fascinating-things/episode/knoedler-gallery-scandal-the-greatest-art-fraud-of-the-century,/episodes/knoedler-gallery-scandal-the-greatest-art-fraud-of-the-century,/episodes/knoedler-gallery-scandal-the-greatest-art-fraud-of-the-century,301,exact,100,2026-03-02T18:12:22.881561+00:00,2026-03-07T22:35:51.826853+00:00
/podcast/the-compendium-of-fascinating-things/episode/kony-2012-how-social-media-tried-to-stop-a-war,/episodes/kony-2012-how-social-media-tried-to-stop-a-war,/episodes/kony-2012-how-social-media-tried-to-stop-a-war,301,exact,100,2026-03-02T18:12:22.881561+00:00,2026-03-07T22:35:51.826853+00:00
/podcast/the-compendium-of-fascinating-things/episode/lars-mittank-from-airport-cctv-to-an-unsolved-mystery,/episodes/lars-mittank-from-airport-cctv-to-an-unsolved-mystery,/episodes/lars-mittank-from-airport-cctv-to-an-unsolved-mystery,301,exact,100,2026-03-02T18:12:22.881561+00:00,2026-03-07T22:35:51.826853+00:00
/podcast/the-compendium-of-fascinating-things/episode/lover-stalker-killer-disturbing-love-triangle-turned-deadly,/episodes/lover-stalker-killer-disturbing-love-triangle-turned-deadly,/episodes/lover-stalker-killer-disturbing-love-triangle-turned-deadly,301,exact,100,2026-03-02T18:12:22.881561+00:00,2026-03-07T22:35:51.826853+00:00
/podcast/the-compendium-of-fascinating-things/episode/lucy-letby-did-she-really-kill-these-babies,/episodes/lucy-letby-did-she-really-kill-these-babies,/episodes/lucy-letby-did-she-really-kill-these-babies,301,exact,100,2026-03-02T18:12:22.881561+00:00,2026-03-07T22:35:51.826853+00:00
/podcast/the-compendium-of-fascinating-things/episode/michael-alig-glitz-glamour-and-killing-for-fame,/episodes/michael-alig-glitz-glamour-and-killing-for-fame,/episodes/michael-alig-glitz-glamour-and-killing-for-fame,301,exact,100,2026-03-02T18:12:22.881561+00:00,2026-03-07T22:35:51.826853+00:00
/podcast/the-compendium-of-fascinating-things/episode/millennium-dome-diamond-heist-the-plot-to-steal-the-worlds-most-flawless-diamond,/episodes/millennium-dome-diamond-heist-the-plot-to-steal-the-worlds-most-flawless-diamond,/episodes/millennium-dome-diamond-heist-the-plot-to-steal-the-worlds-most-flawless-diamond,301,exact,100,2026-03-02T18:12:22.881561+00:00,2026-03-07T22:35:51.826853+00:00
/podcast/the-compendium-of-fascinating-things/episode/milli-vanilli-the-real-story-behind-greatest-lip-sync-scandal-in-music-history,/episodes/milli-vanilli-the-real-story-behind-greatest-lip-sync-scandal-in-music-history,/episodes/milli-vanilli-the-real-story-behind-greatest-lip-sync-scandal-in-music-history,301,exact,100,2026-03-02T18:12:22.881561+00:00,2026-03-07T22:35:51.826853+00:00
/podcast/the-compendium-of-fascinating-things/episode/monster-of-florence-the-real-life-horror-behind-an-italian-legend,/episodes/monster-of-florence-the-real-life-horror-behind-an-italian-legend,/episodes/monster-of-florence-the-real-life-horror-behind-an-italian-legend,301,exact,100,2026-03-02T18:12:22.881561+00:00,2026-03-07T22:35:51.826853+00:00
/podcast/the-compendium-of-fascinating-things/episode/nuns-on-the-run-how-eight-belgian-nuns-outsmarted-the-church,/episodes/nuns-on-the-run-how-eight-belgian-nuns-outsmarted-the-church,/episodes/nuns-on-the-run-how-eight-belgian-nuns-outsmarted-the-church,301,exact,100,2026-03-02T18:12:22.881561+00:00,2026-03-07T22:35:51.826853+00:00
/podcast/the-compendium-of-fascinating-things/episode/nutty-putty-cave-the-john-edward-jones-story-that-haunts-cavers-to-this-day,/episodes/nutty-putty-cave-the-john-edward-jones-story-that-haunts-cavers-to-this-day,/episodes/nutty-putty-cave-the-john-edward-jones-story-that-haunts-cavers-to-this-day,301,exact,100,2026-03-02T18:12:22.881561+00:00,2026-03-07T22:35:51.826853+00:00
/podcast/the-compendium-of-fascinating-things/episode/oj-simpson-i-did-it-unraveling-the-trial-of-the-century,/episodes/oj-simpson-i-did-it-unraveling-the-trial-of-the-century,/episodes/oj-simpson-i-did-it-unraveling-the-trial-of-the-century,301,exact,100,2026-03-02T18:12:22.881561+00:00,2026-03-07T22:35:51.826853+00:00
/podcast/the-compendium-of-fascinating-things/episode/poop-cruise-the-carnival-triumph-disaster-that-stranded-thousands-without-toilets,/episodes/poop-cruise-the-carnival-triumph-disaster-that-stranded-thousands-without-toilets,/episodes/poop-cruise-the-carnival-triumph-disaster-that-stranded-thousands-without-toilets,301,exact,100,2026-03-02T18:12:22.881561+00:00,2026-03-07T22:35:51.826853+00:00
/podcast/the-compendium-of-fascinating-things/episode/princess-diana-part-1-the-royal-romance-that-was-over-before-it-began,/episodes/princess-diana-part-1-the-royal-romance-that-was-over-before-it-began,/episodes/princess-diana-part-1-the-royal-romance-that-was-over-before-it-began,301,exact,100,2026-03-02T18:12:22.881561+00:00,2026-03-07T22:35:51.826853+00:00
/podcast/the-compendium-of-fascinating-things/episode/princess-diana-part-2-the-truth-behind-her-divorce-from-charles-and-the-royal-fallout,/episodes/princess-diana-part-2-the-truth-behind-her-divorce-from-charles-and-the-royal-fallout,/episodes/princess-diana-part-2-the-truth-behind-her-divorce-from-charles-and-the-royal-fallout,301,exact,100,2026-03-02T18:12:22.881561+00:00,2026-03-07T22:35:51.826853+00:00
/podcast/the-compendium-of-fascinating-things/episode/princess-diana-part-3-the-final-year-the-fatal-chase-the-last-goodbye,/episodes/princess-diana-part-3-the-final-year-the-fatal-chase-the-last-goodbye,/episodes/princess-diana-part-3-the-final-year-the-fatal-chase-the-last-goodbye,301,exact,100,2026-03-02T18:12:22.881561+00:00,2026-03-07T22:35:51.826853+00:00
/podcast/the-compendium-of-fascinating-things/episode/reeva-steenkamp-the-night-oscar-pistorius-pulled-the-trigger,/episodes/reeva-steenkamp-the-night-oscar-pistorius-pulled-the-trigger,/episodes/reeva-steenkamp-the-night-oscar-pistorius-pulled-the-trigger,301,exact,100,2026-03-02T18:12:22.881561+00:00,2026-03-07T22:35:51.826853+00:00
/podcast/the-compendium-of-fascinating-things/episode/revisited-db-cooper-the-man-the-myth-the-unresolved-hijacking,/episodes/revisited-db-cooper-the-man-the-myth-the-unresolved-hijacking,/episodes/revisited-db-cooper-the-man-the-myth-the-unresolved-hijacking,301,exact,100,2026-03-02T18:12:22.881561+00:00,2026-03-07T22:35:51.826853+00:00
/podcast/the-compendium-of-fascinating-things/episode/revisited-house-of-gucci-a-tale-of-glamour-greed-and-grudges,/episodes/revisited-house-of-gucci-a-tale-of-glamour-greed-and-grudges,/episodes/revisited-house-of-gucci-a-tale-of-glamour-greed-and-grudges,301,exact,100,2026-03-02T18:12:22.881561+00:00,2026-03-07T22:35:51.826853+00:00
/podcast/the-compendium-of-fascinating-things/episode/revisited-nuns-on-the-run-how-eight-belgian-nuns-outsmarted-the-church,/episodes/revisited-nuns-on-the-run-how-eight-belgian-nuns-outsmarted-the-church,/episodes/revisited-nuns-on-the-run-how-eight-belgian-nuns-outsmarted-the-church,301,exact,100,2026-03-02T18:12:22.881561+00:00,2026-03-07T22:35:51.826853+00:00
/podcast/the-compendium-of-fascinating-things/episode/revisited-oj-simpson-i-did-it-unraveling-the-trial-of-the-century,/episodes/revisited-oj-simpson-i-did-it-unraveling-the-trial-of-the-century,/episodes/revisited-oj-simpson-i-did-it-unraveling-the-trial-of-the-century,301,exact,100,2026-03-02T18:12:22.881561+00:00,2026-03-07T22:35:51.826853+00:00
/podcast/the-compendium-of-fascinating-things/episode/revisited-the-chippendales-a-story-of-fame-money-and-murder,/episodes/revisited-the-chippendales-a-story-of-fame-money-and-murder,/episodes/revisited-the-chippendales-a-story-of-fame-money-and-murder,301,exact,100,2026-03-02T18:12:22.881561+00:00,2026-03-07T22:35:51.826853+00:00
/podcast/the-compendium-of-fascinating-things/episode/revisited-the-menendez-brothers-the-lyle-and-erik-menendez-story,/episodes/revisited-the-menendez-brothers-the-lyle-and-erik-menendez-story,/episodes/revisited-the-menendez-brothers-the-lyle-and-erik-menendez-story,301,exact,100,2026-03-02T18:12:22.881561+00:00,2026-03-07T22:35:51.826853+00:00
/podcast/the-compendium-of-fascinating-things/episode/revisited-the-miracle-of-the-andes-the-story-of-a-group-of-survivors-of-a-plane-crash-in-the-andes-in-1972,/episodes/revisited-the-miracle-of-the-andes-the-story-of-a-group-of-survivors-of-a-plane-crash-in-the-andes-in-1972,/episodes/revisited-the-miracle-of-the-andes-the-story-of-a-group-of-survivors-of-a-plane-crash-in-the-andes-in-1972,301,exact,100,2026-03-02T18:12:22.881561+00:00,2026-03-07T22:35:51.826853+00:00
/podcast/the-compendium-of-fascinating-things/episode/revisited-the-mysterious-death-of-jonbenet-ramsey-a-closer-look-into-this-tragic-murder,/episodes/revisited-the-mysterious-death-of-jonbenet-ramsey-a-closer-look-into-this-tragic-murder,/episodes/revisited-the-mysterious-death-of-jonbenet-ramsey-a-closer-look-into-this-tragic-murder,301,exact,100,2026-03-02T18:12:22.881561+00:00,2026-03-07T22:35:51.826853+00:00
/podcast/the-compendium-of-fascinating-things/episode/revisited-the-titanic-part-1-the-people-the-passions-the-legend,/episodes/revisited-the-titanic-part-1-the-people-the-passions-the-legend,/episodes/revisited-the-titanic-part-1-the-people-the-passions-the-legend,301,exact,100,2026-03-02T18:12:22.881561+00:00,2026-03-07T22:35:51.826853+00:00
/podcast/the-compendium-of-fascinating-things/episode/roald-dahl-a-life-shaped-by-war-words-and-whimsy,/episodes/roald-dahl-a-life-shaped-by-war-words-and-whimsy,/episodes/roald-dahl-a-life-shaped-by-war-words-and-whimsy,301,exact,100,2026-03-02T18:12:22.881561+00:00,2026-03-07T22:35:51.826853+00:00
/podcast/the-compendium-of-fascinating-things/episode/roar-the-story-of-the-most-dangerous-film-ever-made,/episodes/roar-the-story-of-the-most-dangerous-film-ever-made,/episodes/roar-the-story-of-the-most-dangerous-film-ever-made,301,exact,100,2026-03-02T18:12:22.881561+00:00,2026-03-07T22:35:51.826853+00:00
/podcast/the-compendium-of-fascinating-things/episode/rudy-kurniawan-the-man-who-duped-the-elite-with-fake-fine-wines,/episodes/rudy-kurniawan-the-man-who-duped-the-elite-with-fake-fine-wines,/episodes/rudy-kurniawan-the-man-who-duped-the-elite-with-fake-fine-wines,301,exact,100,2026-03-02T18:12:22.881561+00:00,2026-03-07T22:35:51.826853+00:00
/podcast/the-compendium-of-fascinating-things/episode/scientology-understanding-their-beliefs-practices-and-scandals,/episodes/scientology-understanding-their-beliefs-practices-and-scandals,/episodes/scientology-understanding-their-beliefs-practices-and-scandals,301,exact,100,2026-03-02T18:12:22.881561+00:00,2026-03-07T22:35:51.826853+00:00
/podcast/the-compendium-of-fascinating-things/episode/secret-mall-apartment-how-an-artist-lived-in-a-mall-for-4-years-without-getting-caught,/episodes/secret-mall-apartment-how-an-artist-lived-in-a-mall-for-4-years-without-getting-caught,/episodes/secret-mall-apartment-how-an-artist-lived-in-a-mall-for-4-years-without-getting-caught,301,exact,100,2026-03-02T18:12:22.881561+00:00,2026-03-07T22:35:51.826853+00:00
/podcast/the-compendium-of-fascinating-things/episode/sixto-rodriguez-the-story-of-an-unknown-musician-who-inspired-a-revolution,/episodes/sixto-rodriguez-the-story-of-an-unknown-musician-who-inspired-a-revolution,/episodes/sixto-rodriguez-the-story-of-an-unknown-musician-who-inspired-a-revolution,301,exact,100,2026-03-02T18:12:22.881561+00:00,2026-03-07T22:35:51.826853+00:00
/podcast/the-compendium-of-fascinating-things/episode/space-cadets-how-a-british-reality-show-convinced-contestants-they-were-in-space,/episodes/space-cadets-how-a-british-reality-show-convinced-contestants-they-were-in-space,/episodes/space-cadets-how-a-british-reality-show-convinced-contestants-they-were-in-space,301,exact,100,2026-03-02T18:12:22.881561+00:00,2026-03-07T22:35:51.826853+00:00
/podcast/the-compendium-of-fascinating-things/episode/survival-at-sea-the-harrowing-tale-of-the-trashman-yacht-sinking,/episodes/survival-at-sea-the-harrowing-tale-of-the-trashman-yacht-sinking,/episodes/survival-at-sea-the-harrowing-tale-of-the-trashman-yacht-sinking,301,exact,100,2026-03-02T18:12:22.881561+00:00,2026-03-07T22:35:51.826853+00:00
/podcast/the-compendium-of-fascinating-things/episode/terminal-man-the-refugee-who-waited-at-an-airport-for-18-years,/episodes/terminal-man-the-refugee-who-waited-at-an-airport-for-18-years,/episodes/terminal-man-the-refugee-who-waited-at-an-airport-for-18-years,301,exact,100,2026-03-02T18:12:22.881561+00:00,2026-03-07T22:35:51.826853+00:00
/podcast/the-compendium-of-fascinating-things/episode/the-2019-ebay-stalking-scandal-when-tech-giants-become-stalkers,/episodes/the-2019-ebay-stalking-scandal-when-tech-giants-become-stalkers,/episodes/the-2019-ebay-stalking-scandal-when-tech-giants-become-stalkers,301,exact,100,2026-03-04T22:16:07.259218+00:00,2026-03-07T22:35:51.826853+00:00
/podcast/the-compendium-of-fascinating-things/episode/the-alcatraz-escape-the-unbelievable-true-story-of-the-great-prison-break,/episodes/the-alcatraz-escape-the-unbelievable-true-story-of-the-great-prison-break,/episodes/the-alcatraz-escape-the-unbelievable-true-story-of-the-great-prison-break,301,exact,100,2026-03-02T18:12:22.881561+00:00,2026-03-07T22:35:51.826853+00:00
/podcast/the-compendium-of-fascinating-things/episode/the-compendium-an-assembly-of-fascinating-things,/episodes/the-compendium-an-assembly-of-fascinating-things,/episodes/the-compendium-an-assembly-of-fascinating-things,301,exact,100,2026-03-02T18:12:22.881561+00:00,2026-03-05T21:01:41.898097+00:00
/podcast/the-compendium-of-fascinating-things/episode/the-crazy-story-of-tetris-from-ussr-blocks-to-usa-stardom,/episodes/the-crazy-story-of-tetris-from-ussr-blocks-to-usa-stardom,/episodes/the-crazy-story-of-tetris-from-ussr-blocks-to-usa-stardom,301,exact,100,2026-03-02T18:12:22.881561+00:00,2026-03-07T22:35:51.826853+00:00
/podcast/the-compendium-of-fascinating-things/episode/the-disappearance-of-emanuela-orlandi-pt-1,/episodes/the-disappearance-of-emanuela-orlandi-pt-1,/episodes/the-disappearance-of-emanuela-orlandi-pt-1,301,exact,100,2026-03-02T18:12:22.881561+00:00,2026-03-07T22:35:51.826853+00:00
/podcast/the-compendium-of-fascinating-things/episode/the-disappearance-of-emanuela-orlandi-pt-2,/episodes/the-disappearance-of-emanuela-orlandi-pt-2,/episodes/the-disappearance-of-emanuela-orlandi-pt-2,301,exact,100,2026-03-02T18:12:22.881561+00:00,2026-03-07T22:35:51.826853+00:00
/podcast/the-compendium-of-fascinating-things/episode/the-doctor-who-killed-the-chilling-true-story-of-dr-harrold-shipman-and-his-many-victims,/episodes/the-doctor-who-killed-the-chilling-true-story-of-dr-harrold-shipman-and-his-many-victims,/episodes/the-doctor-who-killed-the-chilling-true-story-of-dr-harrold-shipman-and-his-many-victims,301,exact,100,2026-03-02T18:12:22.881561+00:00,2026-03-07T22:35:51.826853+00:00
/podcast/the-compendium-of-fascinating-things/episode/the-enfield-poltergeist-haunting-on-green-street,/episodes/the-enfield-poltergeist-haunting-on-green-street,/episodes/the-enfield-poltergeist-haunting-on-green-street,301,exact,100,2026-03-02T18:12:22.881561+00:00,2026-03-07T22:35:51.826853+00:00
/podcast/the-compendium-of-fascinating-things/episode/the-exorcism-of-roland-doe-the-true-story-behind-the-exorcist,/episodes/the-exorcism-of-roland-doe-the-true-story-behind-the-exorcist,/episodes/the-exorcism-of-roland-doe-the-true-story-behind-the-exorcist,301,exact,100,2026-03-02T18:12:22.881561+00:00,2026-03-07T22:35:51.826853+00:00
/podcast/the-compendium-of-fascinating-things/episode/the-giggling-granny-nannie-doss-the-serial-killer-grandma,/episodes/the-giggling-granny-nannie-doss-the-serial-killer-grandma,/episodes/the-giggling-granny-nannie-doss-the-serial-killer-grandma,301,exact,100,2026-03-02T18:12:22.881561+00:00,2026-03-07T22:35:51.826853+00:00
/podcast/the-compendium-of-fascinating-things/episode/the-great-emu-war-of-1932-emus-soldiers-and-an-unexpected-war,/episodes/the-great-emu-war-of-1932-emus-soldiers-and-an-unexpected-war,/episodes/the-great-emu-war-of-1932-emus-soldiers-and-an-unexpected-war,301,exact,100,2026-03-02T18:12:22.881561+00:00,2026-03-07T22:35:51.826853+00:00
/podcast/the-compendium-of-fascinating-things/episode/the-hindenburg-disaster-the-fiery-end-of-the-golden-age-of-airships,/episodes/the-hindenburg-disaster-the-fiery-end-of-the-golden-age-of-airships,/episodes/the-hindenburg-disaster-the-fiery-end-of-the-golden-age-of-airships,301,exact,100,2026-03-02T18:12:22.881561+00:00,2026-03-07T22:35:51.826853+00:00
/podcast/the-compendium-of-fascinating-things/episode/the-loch-ness-monster-hoax-how-a-man-named-marmaduke-fooled-the-world,/episodes/the-loch-ness-monster-hoax-how-a-man-named-marmaduke-fooled-the-world,/episodes/the-loch-ness-monster-hoax-how-a-man-named-marmaduke-fooled-the-world,301,exact,100,2026-03-02T18:12:22.881561+00:00,2026-03-07T22:35:51.826853+00:00
/podcast/the-compendium-of-fascinating-things/episode/the-pizza-bomber-heist-the-astonishing-story-of-brian-wells-and-the-collar-bomb-conspiracy,/episodes/the-pizza-bomber-heist-the-astonishing-story-of-brian-wells-and-the-collar-bomb-conspiracy,/episodes/the-pizza-bomber-heist-the-astonishing-story-of-brian-wells-and-the-collar-bomb-conspiracy,301,exact,100,2026-03-02T18:12:22.881561+00:00,2026-03-07T22:35:51.826853+00:00
/podcast/the-compendium-of-fascinating-things/episode/the-real-life-gone-girl-denise-huskins-vallejo-kidnapping-story,/episodes/the-real-life-gone-girl-denise-huskins-vallejo-kidnapping-story,/episodes/the-real-life-gone-girl-denise-huskins-vallejo-kidnapping-story,301,exact,100,2026-03-02T18:12:22.881561+00:00,2026-03-07T22:35:51.826853+00:00
/podcast/the-compendium-of-fascinating-things/episode/the-suffolk-strangler-steve-wright-the-man-who-made-the-road-home-a-nightmare,/episodes/the-suffolk-strangler-steve-wright-the-man-who-made-the-road-home-a-nightmare,/episodes/the-suffolk-strangler-steve-wright-the-man-who-made-the-road-home-a-nightmare,301,exact,100,2026-03-02T18:12:22.881561+00:00,2026-03-07T22:35:51.826853+00:00
/podcast/the-compendium-of-fascinating-things/episode/the-titanic-part-1-the-people-the-passions-the-legend,/episodes/the-titanic-part-1-the-people-the-passions-the-legend,/episodes/the-titanic-part-1-the-people-the-passions-the-legend,301,exact,100,2026-03-02T18:12:22.881561+00:00,2026-03-07T22:35:51.826853+00:00
/podcast/the-compendium-of-fascinating-things/episode/the-titanic-part-2-the-voyage-the-iceberg-the-aftermath,/episodes/the-titanic-part-2-the-voyage-the-iceberg-the-aftermath,/episodes/the-titanic-part-2-the-voyage-the-iceberg-the-aftermath,301,exact,100,2026-03-02T18:12:22.881561+00:00,2026-03-07T22:35:51.826853+00:00
/podcast/the-compendium-of-fascinating-things/episode/tylenol-murders-a-chilling-mystery-of-poisoned-pills-and-a-vanishing-killer,/episodes/tylenol-murders-a-chilling-mystery-of-poisoned-pills-and-a-vanishing-killer,/episodes/tylenol-murders-a-chilling-mystery-of-poisoned-pills-and-a-vanishing-killer,301,exact,100,2026-03-02T18:12:22.881561+00:00,2026-03-07T22:35:51.826853+00:00
/podcast/the-compendium-of-fascinating-things/episode/village-people-disco-beats-cultural-shifts-and-gay-icons,/episodes/village-people-disco-beats-cultural-shifts-and-gay-icons,/episodes/village-people-disco-beats-cultural-shifts-and-gay-icons,301,exact,100,2026-03-02T18:12:22.881561+00:00,2026-03-07T22:35:51.826853+00:00
/podcast/the-compendium-of-fascinating-things/episode/west-memphis-three-paradise-lost-justice-lost-innocence-lost,/episodes/west-memphis-three-paradise-lost-justice-lost-innocence-lost,/episodes/west-memphis-three-paradise-lost-justice-lost-innocence-lost,301,exact,100,2026-03-02T18:12:22.881561+00:00,2026-03-07T22:35:51.826853+00:00
/podcast/the-compendium-of-fascinating-things/episode/when-hippos-attack-nightmare-on-the-zambezi-and-the-miracle-paddle-that-saved-their-lives,/episodes/when-hippos-attack-nightmare-on-the-zambezi-and-the-miracle-paddle-that-saved-their-lives,/episodes/when-hippos-attack-nightmare-on-the-zambezi-and-the-miracle-paddle-that-saved-their-lives,301,exact,100,2026-03-02T18:12:22.881561+00:00,2026-03-07T22:35:51.826853+00:00
