file,timestamp_ms,local_time,entry_id
.env.example,1773267312527,2026-03-11 22:15:12,tuvt.example
.env.local,1773326245047,2026-03-12 14:37:25,xklf.local
.eslintrc.json,1772456905414,2026-03-02 13:08:25,tanH.json
.gitignore,1773168083629,2026-03-10 18:41:23,OZlu
README.md,1773252090070,2026-03-11 18:01:30,nZm0.md
app/(public)/admin/blog/page.tsx,1773258028426,2026-03-11 19:40:28,j3eX.tsx
app/(public)/admin/contacts/page.tsx,1772575934728,2026-03-03 22:12:14,ouST.tsx
app/(public)/admin/exports/page.tsx,1772458655957,2026-03-02 13:37:35,aITg.tsx
app/(public)/admin/jobs/page.tsx,1773270595863,2026-03-11 23:09:55,f4Q3.tsx
app/(public)/admin/page.tsx,1772458617677,2026-03-02 13:36:57,w25q.tsx
app/(public)/admin/reviews/[id]/page.tsx,1772458633562,2026-03-02 13:37:13,hBUS.tsx
app/(public)/admin/reviews/page.tsx,1772458623222,2026-03-02 13:37:03,YQjU.tsx
app/(public)/admin/settings/page.tsx,1772458665703,2026-03-02 13:37:45,m6my.tsx
app/(public)/blog/[slug]/page.tsx,1773238381135,2026-03-11 14:13:01,K1Nu.tsx
app/(public)/blog/author/[authorSlug]/page.tsx,1772878131922,2026-03-07 10:08:51,3h2H.tsx
app/(public)/blog/category/[categorySlug]/page.tsx,1772878131922,2026-03-07 10:08:51,XR20.tsx
app/(public)/blog/series/[seriesSlug]/page.tsx,1772878131933,2026-03-07 10:08:51,Mt6W.tsx
app/(public)/blog/tag/[tagSlug]/page.tsx,1772878131922,2026-03-07 10:08:51,2RW5.tsx
app/(public)/blog/topic/[topicSlug]/page.tsx,1772878131933,2026-03-07 10:08:51,IqHT.tsx
app/(public)/cases/page.tsx,1773056557837,2026-03-09 11:42:37,hrV7.tsx
app/(public)/collections/page.tsx,1773056561453,2026-03-09 11:42:41,VXZt.tsx
app/(public)/connect/page.tsx,1772577703189,2026-03-03 22:41:43,Q1Cg.tsx
app/(public)/episodes/[slug]/page.tsx,1773057592436,2026-03-09 11:59:52,b3El.tsx
app/(public)/episodes/page.tsx,1773056538281,2026-03-09 11:42:18,pm1T.tsx
app/(public)/events/page.tsx,1773056604281,2026-03-09 11:43:24,bqkf.tsx
app/(public)/merch/[slug]/page.tsx,1772631761263,2026-03-04 13:42:41,ngcH.tsx
app/(public)/merch/page.tsx,1772632019783,2026-03-04 13:46:59,uV8Z.tsx
app/(public)/page.tsx,1773015319227,2026-03-09 00:15:19,67EO.tsx
app/(public)/people/page.tsx,1773056565884,2026-03-09 11:42:45,OBtN.tsx
app/(public)/reviews/page.tsx,1772455705770,2026-03-02 12:48:25,TRvb.tsx
app/(public)/series/page.tsx,1773056553134,2026-03-09 11:42:33,u7Vl.tsx
app/(public)/themes/page.tsx,1773056543960,2026-03-09 11:42:23,Tz7b.tsx
app/(public)/topics/page.tsx,1773056548027,2026-03-09 11:42:28,WKSL.tsx
app/api/admin/contact-submissions/[id]/route.ts,1772575888220,2026-03-03 22:11:28,BvHX.ts
app/api/admin/reviews/[id]/route.ts,1772455749382,2026-03-02 12:49:09,rg83.ts
app/api/admin/reviews/route.ts,1772455738750,2026-03-02 12:48:58,1nFY.ts
app/api/blog/analytics/route.ts,1772878235837,2026-03-07 10:10:35,fIdR.ts
app/api/contact/submit/route.ts,1772575624994,2026-03-03 22:07:04,LPOk.ts
app/api/reviews/submit/route.ts,1772458036137,2026-03-02 13:27:16,4JZu.ts
app/globals.css,1773258189223,2026-03-11 19:43:09,BuCy.css
app/layout.tsx,1772910806846,2026-03-07 19:13:26,yQQy.tsx
app/sitemap.xml/route.ts,1773064227485,2026-03-09 13:50:27,OLlB.ts
components/admin-action-menu.tsx,1772455822046,2026-03-02 12:50:22,z7Xv.tsx
components/admin-tabs.tsx,1773258969377,2026-03-11 19:56:09,PSvd.tsx
components/app-shell.tsx,1773258694441,2026-03-11 19:51:34,NlID.tsx
components/back-button.tsx,1772407285033,2026-03-01 23:21:25,yfGA.tsx
components/blog/admin-blog-list-actions.tsx,1773257721837,2026-03-11 19:35:21,dTEi.tsx
components/blog/admin-blog-status-filter.tsx,1773257828578,2026-03-11 19:37:08,yWVq.tsx
components/blog/admin-episodes-manager.tsx,1772909680546,2026-03-07 18:54:40,8v04.tsx
components/blog/admin-post-editor.tsx,1773237493532,2026-03-11 13:58:13,5KKX.tsx
components/blog/admin-taxonomies-manager.tsx,1772909680546,2026-03-07 18:54:40,TTNN.tsx
components/blog/blog-content-renderer.tsx,1773238225308,2026-03-11 14:10:25,F2g0.tsx
components/blog/blog-listing-page.tsx,1772909680545,2026-03-07 18:54:40,4vOT.tsx
components/blog/blog-post-card.tsx,1773057583904,2026-03-09 11:59:43,HAcI.tsx
components/blog/blog-search-form.tsx,1772878166844,2026-03-07 10:09:26,vVFz.tsx
components/blog/create-post-button.tsx,1772877999444,2026-03-07 10:06:39,yZH8.tsx
components/blog/media-library-picker-modal.tsx,1772895550011,2026-03-07 14:59:10,AdW9.tsx
components/discovery-hub-page.tsx,1773056938188,2026-03-09 11:48:58,9eVX.tsx
components/episode-discovery-rail.tsx,1773055397496,2026-03-09 11:23:17,6HFP.tsx
components/episode-media-player.tsx,1772401917712,2026-03-01 21:51:57,HikG.tsx
components/episodes-browser.tsx,1773237936762,2026-03-11 14:05:36,zP7I.tsx
components/forms/admin-contact-status-form.tsx,1772575888186,2026-03-03 22:11:28,ZdZZ.tsx
components/forms/admin-review-visibility-form.tsx,1772455793828,2026-03-02 12:49:53,jd1V.tsx
components/forms/admin-reviews-form.tsx,1772456975334,2026-03-02 13:09:35,yrS6.tsx
components/forms/connect-form.tsx,1772576316495,2026-03-03 22:18:36,6TGs.tsx
components/main-nav.tsx,1772577801368,2026-03-03 22:43:21,kvMH.tsx
components/patreon/patreon-membership-grid.tsx,1773055262900,2026-03-09 11:21:02,Vmkc.tsx
components/podcast-playback-provider.tsx,1772658924803,2026-03-04 21:15:24,ythN.tsx
components/reviews-page.tsx,1772458040176,2026-03-02 13:27:20,7i7N.tsx
components/reviews-section.tsx,1772573405316,2026-03-03 21:30:05,SaEq.tsx
components/view-mode-toggle.tsx,1773014567155,2026-03-09 00:02:47,YiIA.tsx
lib/blog/auth.ts,1772878085882,2026-03-07 10:08:05,GYcO.ts
lib/blog/data.ts,1773238054869,2026-03-11 14:07:34,BufK.ts
lib/blog/rss-sync.ts,1772878280943,2026-03-07 10:11:20,LB4V.ts
lib/blog/storage.ts,1772909680546,2026-03-07 18:54:40,8ayp.ts
lib/email.ts,1772575631933,2026-03-03 22:07:11,N7xS.ts
lib/env.ts,1773266942818,2026-03-11 22:09:02,R5JK.ts
lib/episodes.ts,1773063822415,2026-03-09 13:43:42,pqfc.ts
lib/mixpanel-browser.ts,1773269840942,2026-03-11 22:57:20,sv2h.ts
lib/mixpanel-server.ts,1773266962223,2026-03-11 22:09:22,8myH.ts
lib/podcast-shared.ts,1773063817527,2026-03-09 13:43:37,SoxX.ts
lib/reviews-data.json,1772412551006,2026-03-02 00:49:11,nfrC.json
lib/reviews.ts,1772573400971,2026-03-03 21:30:00,4rSN.ts
middleware.ts,1773173382144,2026-03-10 20:09:42,KMAu.ts
next.config.mjs,1773176067268,2026-03-10 20:54:27,K9Nz.mjs
package.json,1773168109702,2026-03-10 18:41:49,NHkG.json
scripts/compare-reviews.py,1772409748138,2026-03-02 00:02:28,aMv9.py
scripts/fix-dupes.py,1772411676800,2026-03-02 00:34:36,zE8G.py
scripts/import-apple-reviews.mjs,1772458266070,2026-03-02 13:31:06,aA45.mjs
scripts/merge-reviews.py,1772411562791,2026-03-02 00:32:42,QpRF.py
scripts/scrape-apple-reviews.ts,1772407757522,2026-03-01 23:29:17,fQY2.ts
supabase/migrations/0008_create_reviews_table.sql,1772456246098,2026-03-02 12:57:26,zfc8.sql
supabase/migrations/0010_create_contact_submissions_table.sql,1772575638441,2026-03-03 22:07:18,Oj09.sql
supabase/migrations/0023_harden_blog_analytics_views.sql,1773252086271,2026-03-11 18:01:26,SqdH.sql
supabase/migrations/0024_harden_function_search_paths.sql,1773252587062,2026-03-11 18:09:47,nN4x.sql
tools/google-search-console/.env.example,1773167997383,2026-03-10 18:39:57,6ckl.example
tools/google-search-console/.env.local,1773168597860,2026-03-10 18:49:57,11kW.local
tools/google-search-console/README.md,1773169285522,2026-03-10 19:01:25,Fblk.md
tools/google-search-console/gsc_probe.py,1773172639880,2026-03-10 19:57:19,m5l9.py
tools/google-search-console/package.json,1773167997338,2026-03-10 18:39:57,8P72.json
tools/google-search-console/reports/recheck_four_urls.py,1773172520075,2026-03-10 19:55:20,wK3J.py
tools/google-search-console/src/auth.mjs,1773168739482,2026-03-10 18:52:19,YM0Y.mjs
tools/google-search-console/src/cli.mjs,1773168034107,2026-03-10 18:40:34,CK9O.mjs
tools/google-search-console/src/commands/authenticate.mjs,1773168074001,2026-03-10 18:41:14,XvwN.mjs
tools/google-search-console/src/commands/inspect-site-readiness.mjs,1773168076857,2026-03-10 18:41:16,wJrN.mjs
tools/google-search-console/src/commands/list-properties.mjs,1773168074127,2026-03-10 18:41:14,qghz.mjs
tools/google-search-console/src/commands/query-search-analytics.mjs,1773168076832,2026-03-10 18:41:16,yXxP.mjs
tools/google-search-console/src/config.mjs,1773167997871,2026-03-10 18:39:57,x64V.mjs
tools/google-search-console/src/date-utils.mjs,1773167997848,2026-03-10 18:39:57,g1Ii.mjs
tools/google-search-console/src/formatters.mjs,1773167998123,2026-03-10 18:39:58,jWzf.mjs
tools/google-search-console/src/gsc-client.mjs,1773169278596,2026-03-10 19:01:18,B4RV.mjs
tools/google-search-console/src/token-store.mjs,1773167997855,2026-03-10 18:39:57,ZKAr.mjs
